job_level,job_function,company_id,contact_id
Staff,Marketing,5ff5587036cec59,7c9a08c5847aab848
Manager,Marketing,96a801c9959eb6f,8ca46098509c05488
Manager,Marketing,5fbbb5d0353f920,8699c407a98767c9b
Director,Marketing,06559a695c3cc41,ca0760a48a99ab97b
Vice President,Marketing,cfa16f49d1de7c5,aa45cc845447b4b46
Director,Marketing,0c1da1941af4190,47044b6bc7b68b504
Director,Operations,c1c115a61b99e44,b75b567baa5c76a08
Manager,Marketing,69bfad5103870c0,4b86b8ba9cb4a4cc6
Staff,Marketing,7927f715a88e309,78ba4ca8979b6c47b
Director,Sales,c8e63373c9440e0,a68458aa797785b98
Director,Business Development,7ef0126dfc821c9,b090056b567650944
Vice President,Sales,d888f8020ca99e7,60ab88c49cc88c7c6
Director,Sales,8d9a44195c2fd9e,899498986ac96ab48
Vice President,Sales,a0bff5fc7a065b5,b79a5040990540a96
Manager,Sales,36d482e443e234f,707c766b5bc54cb40
Director,Sales,6e3fc502d6fe990,a90bc85b645c5c444
Director,Marketing,67118bd26384cfa,7a749ca44864ca096
Vice President,Marketing,b7f157308659d6c,ac05a67b95788a060
Director,Marketing,8a5ac3326ce1b2b,60bab09640a4b759b
C-Level,Marketing,f560aaa7d33947f,8006408aacc06c840
Vice President,Sales,20764a62baca5b0,9cb8a7867758455b
Manager,Marketing,3e84cd6d95d291e,5a4769c44a0a6875b
Manager,Marketing,67118bd26384cfa,859655909599c6656
Director,Marketing,4f99a93facdaeb8,89b9ca4776c6cb576
C-Level,Finance,e2000c907be7f28,7c6c6950960545c60
Staff,Marketing,8b685ae0478fa3c,465ca8490ab4a49b8
Director,Media & Communications,c1913c4a9f483a2,788bba77cbb905008
Vice President,Marketing,7278ab20f821bab,80b975a6548b5c8
Director,Sales,e32b50cb3963da0,aab0cc59a9a5640a0
Manager,Business Development,1600a5c22dbd51a,c0646ccc40a486b68
Staff,Sales,99113a704e01c5c,409aa549c77a4575b
Manager,Sales,0115bf23967b361,7ab6b76c498665960
Manager,Marketing,f151062573d326a,7aa8099478c987b96
Director,Marketing,5cd7d95fb63f9f6,baa0b766975bbaa40
Director,Marketing,78433deb1f5a863,b89080996b4c67656
Vice President,Marketing,f448f6fe1c5f950,aa909c4646b960b8b
Director,Marketing,362afe017d79ae5,a70a944a8aa56bc86
Manager,Marketing,c1913c4a9f483a2,a5b46a6807a067780
Manager,Marketing,e4ae47e82512527,b4c5ab6c6a9cbab80
Vice President,Sales,eef1c9da81ef446,5b7554ac9654788b4
Staff,Marketing,3fa741ce2544a63,c679a070675a445b8
Other,Other,60db5e02e957d40,604c76a6a6068c776
Vice President,Marketing,0793555900c09f3,67b0bbbc49850b976
Vice President,Sales,19b1a0791451021,a6b94a64a7a0c65a6
Vice President,Sales,1b0f481e0d34837,907454b4948949840
Manager,Marketing,7ec70cae034df74,b50ca76cabb0bc05b
Director,Marketing,b6d3f2ca966c0bc,7797bc09a048a0656
Director,Operations,000MISSING,b57808980404ca9
Director,Sales,3ad801528dcbf71,599bc766859accc9b
Director,Sales,5fa53df7e79df3d,abc6a087c06ab6470
Manager,Marketing,792323c8570c019,a8760a78acba54cab
Manager,Marketing,583b926e3c0199d,849c89a5b64440cb0
Manager,Marketing,8c069e8b1bce028,bc4a56a00468a4904
Director,Marketing,5d4cfa0ecb376bd,cbbc079b8648b466
C-Level,Marketing,b5b17b72bb70dc0,40b4b6c64b99bb696
Director,Sales,3a6887a3f362a78,547aa95800ac45c60
Senior,Sales,c39e8b7645bdafa,8cc8b4b768000c456
Director,Sales,66bbfaaf43aa161,569c0a0abc57a547b
Manager,Marketing,bc261cd56bcb545,6549b6ab069b4b07b
Manager,Marketing,798a91619bcf284,7c0796b64c49cb48
Vice President,Marketing,a33ed4bd73b1069,9046bc96086a7bc6
Staff,Marketing,ed8d89679545784,c87649c7cc0a708cb
Director,Sales,76ef6a7c94c83e1,54aba508bc78b8c04
C-Level,Marketing,f0bffcd57c86f12,c69098a8aa9c0c79
Director,Marketing,b6d3f2ca966c0bc,700bc805cb609675b
Director,Marketing,72267ea888bc959,445aa99a444878664
Staff,Sales,f58dae9439b921d,40075bbcbc7cc6a44
Director,Sales,0115bf23967b361,450896c7598c750a
Vice President,Sales,3cac1353ccd1dd5,79ba0b799b06c69c
Director,Sales,d888f8020ca99e7,6797785c0a47a7c6
Staff,Sales,8b685ae0478fa3c,c8baa80066999095b
Staff,Marketing,e1e7f18717ee9e4,c70a749cc709c6b56
Director,Marketing,89e4e4fb936f7b4,60c9b967c0cc89848
Manager,Marketing,4efbf40f703b648,45b486cab6a78ca76
Vice President,Marketing,eef1c9da81ef446,a576c579658650540
Director,Sales,f8ee76e7d48cdf6,ba7a9b4b8977070b8
Manager,Marketing,d26c28df784bc8b,797aab9c956057648
C-Level,Management,ba42022d58098f2,40995b5b86ba80064
Manager,Marketing,bfba6903fe3872d,c8a58a0a08c857840
Director,Marketing,1a2e3ceab53b960,bcbba6798a48b9b9b
Director,Marketing,0f7be5c4eae2c4a,5bc0470a6b6cc9a76
Director,Marketing,9baeac80552be0d,ccb9054a8507c7b84
Senior,Sales,921dabe84d0c995,564c9b48558669584
Director,Marketing,61e1534eb30e5da,4886ab0004ab99a44
Manager,Marketing,12dd81d6965a4a4,ca65777006a60c07b
Director,Marketing,2aee156988349d7,b66cb68ba9bc99740
Vice President,Marketing,ab992b5d89eae05,5b4cb6b6cb755bab8
Manager,Marketing,45e47b10ea5d58a,a858c84758c69a676
Manager,Marketing,e78268e3ce3e13c,4948b4906859c4a04
Director,Marketing,a1631fb70abe06e,470c85cc8bb4c9c68
Director,Sales,b7f157308659d6c,469595999bb75786
Director,Operations,766120613ecaf74,687767c9478c899c6
Vice President,Sales,718bafe8e41f34e,80057c675706c8b88
Manager,Operations,e17ca12d80ab723,c57c75b0756b668
Vice President,Sales,5cd7d95fb63f9f6,9a7689454bb790448
Vice President,Sales,744f52f1aec3843,79bc68a69bc9567c6
Senior,Sales,b2386461fa3a8d6,7c00699c59477c584
Manager,Information Technology,8df10e9d37af4fb,ca507c7baa0068076
Director,Marketing,5ceb4f9fc461404,898cba78c7656ab96
Director,Marketing,cb8a71b238b6945,4896aca9b56a9aa44
Manager,Sales,fbffe2fd718abbb,74b566bca08ac5cab
Staff,Sales,095179daeb1daf8,c5557ba4749894064
Senior,Sales,c1928be2bbbce96,c0a0a9805885bba68
Director,Sales,a8594a81d776d41,b5547805608b967c6
Vice President,Sales,f21c34408a6576f,595650678ca90c608
Vice President,Sales,d08549eba38b6ef,5cb7905c8064ca704
Vice President,Marketing,4037e60754e3d95,48ab8ab6975b78048
Director,Marketing,4037e60754e3d95,77a46890b870ca056
Manager,Human Resources,460ba89da10817e,85c4095a49acc6848
Vice President,Sales,0c99770a75d5fec,704690aa46cca60
Vice President,Sales,2a44e86a18dcc14,6b99400955c9b0bb
Vice President,Sales,e422aabe654ca7a,a9b0c50647bb8ca96
Director,Marketing,f63f6e532ab26ac,cb8a64b764c80b660
Director,Marketing,a0bff5fc7a065b5,89cc585965768b560
Manager,Marketing,0793555900c09f3,cba47ac44956c5c64
Staff,Marketing,317dab43a81e40c,c5404969c05ab479b
Manager,Marketing,449ff0bf3ed31ea,7987acca08547059b
Manager,Marketing,d2983ec27af53cd,84ab5c507ca79b8a6
Director,Marketing,cdcd11ee3dc7c50,445cc6cbb58c795b0
Director,Marketing,73b762eead0ac93,c8c855a8474bcc880
Vice President,Sales,8c069e8b1bce028,6a498840cb60c0696
Director,Marketing,7afc90c0778306b,566b7858b94655cb8
Manager,Business Development,d08549eba38b6ef,4c0cc978850aa67b0
Vice President,Sales,9d95b562c8aee95,87cac0a0908b7b99b
Director,Sales,0bec9b2f9d8ff6b,64ba8704795790c60
Director,Business Development,dc7fd8535093c50,c540a55095ac9bb00
Director,Sales,000MISSING,b87bc688965bccbab
Director,Sales,d6006d41c8baeea,8a76446806067a856
Director,Sales,3f0270796ab636b,4b98b5b854aa86cc6
Manager,Marketing,1c61c933e7c76c9,7766b0bb7a4797760
Manager,Marketing,7597fb4bfe80a2e,a4c8b00b76b978b96
Director,Marketing,5c5af5737ea9740,a9b7c67696a977a64
Staff,Marketing,dfe61858df5ea60,64708055cac4507ab
Director,Marketing,c8e63373c9440e0,4cb8a558759494c04
Director,Marketing,5b7cf7ada39c607,a6a7c9c9a6ab90994
Director,Marketing,592a8e28325ae76,cc47b7657885679b8
Vice President,Sales,839904e27ea92a8,79bb58756b50a94b4
Vice President,Sales,b7f157308659d6c,6545a85c8b79ac688
Vice President,Sales,5d4cfa0ecb376bd,966bbb4c4bc0080b
Vice President,Sales,177e0af2654a9b4,c09944aa8a4c06a56
Director,Customer Service & Support,d9fe39d8be1f477,5ac6577b4a499b8a6
Manager,Sales,0bec9b2f9d8ff6b,588cb457ab7ab7464
Director,Sales,a31c7a2977ab05b,87ac507554a655568
Manager,Marketing,121457db135dfc4,bba76b5a0706059b8
Vice President,Marketing,26a4dff161c341c,9cb64c88878c9684
Vice President,Operations,3b07436636e5afa,47880aa7b9a77559b
Vice President,Sales,cbdcbfeae3ea036,990cabc60988c666
Staff,Sales,1beef3a9da237b2,8b48a88955ab08b7b
Director,Sales,6ba4f662121ed9a,b84a7b89aa7bb9b60
Manager,Marketing,121457db135dfc4,5ccbb808a45a6a760
Director,Marketing,000MISSING,6b09955a7989bb608
Vice President,Marketing,ed34795b7f0f5f6,a96bc7bb8ac7b806
Manager,Marketing,1316d3ea193dc90,a6c7c9c87a59b8496
Manager,Marketing,d6fba5a1fab1654,a8477400060594408
Manager,Marketing,5b36bfd7f44b5dd,7ca7aa655c8b44800
Manager,Marketing,05ff722210a2150,a9c698ac96c0974
Senior,Marketing,1beef3a9da237b2,a74bc8a96904a4694
Staff,Marketing,5cd7d95fb63f9f6,6a488ab54ab756896
Vice President,Marketing,dc7fd8535093c50,6c0c8906a7600859b
Manager,Marketing,732d8a327bea2ff,577c046a6ab0c9a5b
Director,Marketing,eaedc6072d76164,68570cc58b6a08cc
Vice President,Operations,b42fa55d72690d6,cca95c8c550099600
Director,Marketing,7278ab20f821bab,66a9cccbc6b47b440
Vice President,Sales,f448f6fe1c5f950,906a8496a058969ab
Manager,Sales,a0bff5fc7a065b5,90b69587785c89c8
Manager,Sales,000MISSING,c486ba478a4664a5
Director,Marketing,6c1174366e26812,a0a6a074c4860b78b
Vice President,Sales,ee1b920e3740577,5a4b84b567755979b
Senior,Sales,6f8193ba34d7935,55949bb67a55b6048
Staff,Engineering,00e2daf8ea367f4,6c8cb0940906c0a68
Vice President,Sales,7ef0126dfc821c9,c449a689bc99996a6
Vice President,Sales,177e0af2654a9b4,a85c8a7c6000c9684
Director,Sales,e4ae47e82512527,bcc5858600bacb696
Director,Sales,dca0499cadef129,bcbb7c49a9b4ca7b4
Senior,Marketing,26bb4fc35dcd807,5bcbc66c76aa57ac6
Director,Marketing,e1e7f18717ee9e4,c7c04058c0a49469
Vice President,Marketing,0e1fb33ef50fd96,cb7869c088c8c97b4
Director,Marketing,5ff5587036cec59,486b6ba680a7bc75b
Manager,Marketing,4243330e9cfa005,48004cbc047478b5
Director,Marketing,ad34334cba72c0f,a65660b9006598c48
Director,Marketing,68d91a8c737c367,a797475ac70ba6480
C-Level,Finance,5d39951cc09e809,58799a8b604978a9b
Vice President,Sales,d08549eba38b6ef,b889c5c9b68a7a9b0
Director,Human Resources,c62e72d590019f0,b99b4aa84057aa0cb
Vice President,Sales,3e84cd6d95d291e,6076b0a77c48b9cab
Vice President,Sales,fcc616f820810a1,c496995b9c4c84a80
Vice President,Sales,23ffe85c505d06c,b9a7c7c69897b895b
Vice President,Sales,82f0f2ce26419a3,ca47bc6c9a7a6ca7b
Director,Sales,bb8f596691ee8f4,85c4b9a606b940656
Manager,Sales,9ae01eae2d25e3b,a0749485c6b6475c0
Director,Sales,1616c94dbd82694,b50947a4bcb7b7840
Manager,Marketing,a2b03c77830b418,75aab0850898090
Manager,Marketing,4f7cf9fb70adf80,8c745554895990656
Manager,Other,0793555900c09f3,440b8babc809bcc
Manager,Marketing,b7ca7bc752af58b,b95047c07447c409b
Vice President,Marketing,2c010e514caa861,8445b056a5777c4b4
Director,Marketing,6ccdcafa34d7b3e,a9884586a060aaa48
Director,Sales,000MISSING,aa4b4b9bc9660540b
Vice President,Sales,82c7031f4516f6d,690c8560005906b40
Manager,Marketing,581aef8a534fb90,680bc6c07aa9560b4
Manager,Marketing,0793555900c09f3,54440879c7b400cc6
Manager,Marketing,b2386461fa3a8d6,c6a6ac794479c4608
Manager,Marketing,464a6a94a551026,b698b7c9b0a70c60
Senior,Finance,9baeac80552be0d,c900c66b855704568
Director,Marketing,39925531f5588dc,5647c0abca46ca088
Manager,Sales,a0bff5fc7a065b5,a947854054c95069b
Other,Business Development,8b8036a84c9e56a,bcac88804cba68cc6
Staff,Marketing,d3c3b5274f9c23b,558cba06ac486a8cb
Vice President,Marketing,362afe017d79ae5,787ab680547045a5b
Vice President,Human Resources,f6ac7a88015964e,b506b9aa6a7ac4c08
Staff,Marketing,e28178a0055f489,57665b6b49aa75064
Manager,Marketing,bb8f596691ee8f4,559ac5bb0cbb7c040
Manager,Marketing,536336ed62110a6,4b4b468c684a4799b
Staff,Marketing,54673371fad09c4,c5bb44a07bc4047b4
Director,Management,8ad8a441442554a,a64c5c7b0cbba6b50
Vice President,Sales,f047f28876f3719,6686809707985667b
Manager,Marketing,a33ed4bd73b1069,55cb7b6a59a7884b
Manager,Marketing,f0804e505e255c4,47a466ca07c67b888
Vice President,Marketing,a2b03c77830b418,644675ca4778c9cb8
Director,Marketing,731795e3cc92c8e,7a05c696695978b08
Director,Marketing,5b59b5c357f34c6,4a7a00ca5786a507b
Staff,Product Management,825435802cf2cb6,b694588948898709b
Manager,Media & Communications,875015b8fa51f35,c0a4b7460b66ab664
Vice President,Marketing,61b415d93243ca9,cb7559755cc76b7c6
Manager,Marketing,6811320fc8ecd83,40885b79a0c75b87
C-Level,Finance,177e0af2654a9b4,76b904074ba849808
Director,Operations,92d1455816e1299,9696867cc5a7bb0b
Vice President,Operations,5bd03a8686553e0,a668ca75b50a07474
Manager,Marketing,4f90872cbb4f6d2,8c0bc88556c0409c
Staff,Marketing,bfba6903fe3872d,4aac6564570c67704
Other,Other,c1a84ad0fee908e,ac9ac0a0cc497b47
Senior,Marketing,7597fb4bfe80a2e,4859a7a47999b0904
Director,Sales,718bafe8e41f34e,4c8b8c45990ca5568
Vice President,Sales,000MISSING,7b758bb80c745c504
C-Level,Marketing,e42f03def7320e5,a57c6c6ba095789c8
Director,Marketing,1546d273d2c1919,405a400bcbca85496
Vice President,Marketing,1fd5b2a49f767e9,450a94905c0579bcb
Director,Sales,d888f8020ca99e7,48740c50b949bb760
Director,Sales,8d9a44195c2fd9e,6764a8caa755cc776
Vice President,Sales,b62b2387e1341d3,58ac4ac5b76685696
Vice President,Sales,eb52685ad19b850,a6777a0a87ab50774
Director,Sales,20438453e0a4d01,a450b844ba78969a4
Vice President,Sales,c1928be2bbbce96,70cb64c77977ac704
Director,Sales,9338972d79a53e8,bc4879bb90094a788
Manager,Marketing,d6fba5a1fab1654,9a9b7ccb48a7cacb8
Manager,Marketing,e2000c907be7f28,57c65967498c7a488
Director,Marketing,a528da1a771e5db,68759c77a94405464
Director,Marketing,d114ceb1421ecae,b68ca5650b085ca8
Director,Marketing,1e74f5123fa1263,7ac469055ca00689
Vice President,Marketing,5fa53df7e79df3d,65674b9b4a898c59b
Vice President,Sales,48da83ced9379ed,66948b4a75b066c04
Vice President,Sales,0c99770a75d5fec,457006b0890574c84
Vice President,Sales,7278ab20f821bab,54ab87c909546657
C-Level,Sales,34688cbb0f5f570,4705057880b679960
Senior,Marketing,bd632b7389c0e40,aa78b74577c65b60b
Staff,Sales,67118bd26384cfa,6b67705697c5a54cb
Manager,Sales,80ca4fc3cfec4c6,7ac5a87889a79907b
Director,Sales,d888f8020ca99e7,87bba8cc74797947b
Director,Sales,9f5e337221dd350,46abbac84c9c70ab0
Director,Marketing,d08549eba38b6ef,989800ac68ac6770
Manager,Marketing,f047f28876f3719,6bab0679b9b5c8c9b
C-Level,Marketing,89e4e4fb936f7b4,a4cbbc005b44b0586
Staff,Business Development,b866a6cb2396adc,8870546aa79c59760
Manager,Marketing,6ba40c0af79a844,884bcb9a6c005b59b
Director,Marketing,7d0ce605f55f2b3,4048985b7b5958bcb
Vice President,Marketing,e1ff03462adf692,8b809c80bb9790bb4
Vice President,Sales,6d8b1bc6e71fa0f,580c54b57564b0608
Manager,Marketing,95274815f8363ee,caca8087050c50744
Director,Marketing,7597fb4bfe80a2e,54ab68c445c5a6b64
Staff,Marketing,cfbbe47331a68a5,9cb4ccc566685894
Director,Marketing,149308eb4bbfe6b,cc9c88409498a6596
Director,Management,d888f8020ca99e7,ba560454006a06484
Manager,Management,4d9929b139593e7,695c97cca485c8b48
Manager,Marketing,0115bf23967b361,bb95688b889b0b804
Director,Marketing,1fd5b2a49f767e9,a0990a68a6b8904b6
Vice President,Management,5d4cfa0ecb376bd,c6a704670b5a54600
Vice President,Marketing,a6ddd83cce9433b,a9007c676c558ca04
C-Level,Finance,5cd7d95fb63f9f6,c7c45a5a945575cab
Director,Operations,e21454ddd98bf67,4a66a868c59797648
Staff,Marketing,5bd03a8686553e0,c9b658a57975a84b4
Manager,Marketing,05d7fa5aa84c693,7870694b7cb4b8000
Director,Sales,b46fe94115bd452,a6a7aa8cc9bca5b8
Vice President,Sales,6da5545be6d7836,8b89cc75aa0b57cb8
Director,Marketing,6ba40c0af79a844,c0b6ca475ba6408b4
Director,Marketing,3d287cc299bce21,a79a678898c899756
Manager,Engineering,afc283f2aa7f559,677467a650896766
Vice President,Marketing,bd632b7389c0e40,4a7cb0c695ac7a9c6
Vice President,Marketing,bfba6903fe3872d,b4a6668ca7664689b
Vice President,Marketing,da5d198fd009de8,8b6cb07cc9606987b
Senior,Other,a87c1f8070aced5,8854068564bb0b096
Vice President,Sales,740cf3bb4bdd015,89b4c49ca9c0c4cb0
Manager,Sales,9b5bc5cfff7beab,cb88c480550b67804
Director,Marketing,fc9d9436161e0b2,aa595bbb9bb0baaab
Director,Sales,6811320fc8ecd83,ac578ca8667aabc5b
Vice President,Marketing,1616c94dbd82694,497604c5c45a6a8cb
Director,Marketing,a33f993f5c5bcd5,506b75776ac740a68
C-Level,Marketing,bd632b7389c0e40,4870a699757aa8944
Director,Marketing,12dd81d6965a4a4,90b904c5c9979bb88
Staff,Administrative,03566dfd768c564,a95088c408c5778c6
Vice President,Sales,6eb433b1cd93b36,7568b6ca877798c68
Vice President,Business Development,2687ca4c9840376,55ca0c96b5c584bcb
Director,Sales,a3f534653feadb7,66ca9b680609b0a44
Vice President,Sales,4c112a2277352b4,a9045587bb6ac7860
Vice President,Sales,c85b0784bc47e91,59660655ca6670ab0
C-Level,Marketing,0b3c2688916ecbd,b68b787944b9b5b44
Manager,Sales,bb8f596691ee8f4,5409bab9aa9a049b8
Vice President,Business Development,9fbc743b5973eec,5c09b5850a508ac8
Director,Marketing,9757b3062f066b6,59a49578b6765708
C-Level,Marketing,66bbfaaf43aa161,c7a77c76cb65a7c68
Senior,Product Management,9baeac80552be0d,4cba940b60560bc60
Vice President,Marketing,be882688e5a5106,8c5abbcb448059b96
Director,Marketing,819d511f53f2ffd,bc80886ac5c5bb876
Vice President,Sales,9d95b562c8aee95,b9c75b967a908c87b
Director,Sales,a725fd985969236,5bb8c64b9449076cb
Director,Marketing,000MISSING,cb0b7549b97b759a6
Director,Sales,b3ab2490ed5d150,b00665ba5a0b04a84
Manager,Marketing,a33f993f5c5bcd5,47aa4b99897a940a6
Manager,Marketing,b3ab2490ed5d150,4c707c5c49458b000
Director,Marketing,0b3c2688916ecbd,604595687c5a654a6
Director,Marketing,04c7d15834c0fad,85947795a768b6cb
Director,Marketing,3a0ce05de881206,a4678ac50690a9c50
Staff,Sales,d89f857e6020908,46877c8c8b674855
Manager,Sales,a8d19e8391e8b99,49baac708a7b00544
Vice President,Sales,e28178a0055f489,b74b0095a0ba74788
Vice President,Sales,732d8a327bea2ff,5a78c05cbb7bbc008
Senior,Sales,15bed827315e969,869a5889b40570c5b
Manager,Marketing,83b0dcf7d543094,850c60a70c58a699b
Manager,Marketing,63d12bf507787e4,88a4b64a8b9744560
Manager,Marketing,d888f8020ca99e7,c445c8cc075b9cc44
Vice President,Management,f8ee76e7d48cdf6,c6c6c67b5aac89aab
Manager,Marketing,67118bd26384cfa,48ba499b796c6b0b4
Director,Marketing,b7b2379ef1964a0,4ccc0cb7944446440
Director,Marketing,a462fc5e66769d8,75a0967a8c4b47904
Director,Marketing,d35bbc5f05de9ae,6bcc68bc50b787cab
Staff,Marketing,0bec9b2f9d8ff6b,4886a450a4ac7b504
Vice President,Business Development,cfa16f49d1de7c5,5a8c9849a5885967b
Manager,Business Development,1fd5b2a49f767e9,a65c04c94b98850c
Vice President,Sales,8c069e8b1bce028,b48b5a66c567b045
Senior,Marketing,95274815f8363ee,ca0555786c9c590cb
Director,Sales,05c64e15042e18c,7b7ca860477cc605
Vice President,Sales,dae0051f01e8cfb,59ac0879405557b56
Vice President,Management,26bb4fc35dcd807,76aa08ba98555b99b
Director,Marketing,8e7ddd118e7320b,849b609400b65059b
Vice President,Marketing,c507ba1b311bb83,790489b0cbbc4440
Director,Marketing,eef527fa2cb7581,85706c6a8bab90464
Director,Marketing,536bc93d1e8b67f,a8cca66ca58500a56
Director,Business Development,cb420714dcd6df8,80ba507b0b596b5b8
Director,Sales,235fce190543453,a95cbc695686c7a48
Director,Sales,802684033c1c82e,905a4865b874659c6
Staff,Sales,34688cbb0f5f570,40a66aa078a8059b8
Director,Sales,906f4ecdeb22c3b,7a46ca9a8787b6408
Vice President,Marketing,766120613ecaf74,488a7b9066bc4c080
Director,Marketing,0b3c2688916ecbd,657557c470894460
Director,Marketing,912a5b9ed145e09,ac05ca75cb6b78acb
Staff,Marketing,e78268e3ce3e13c,7ba785ba797a95cab
Vice President,Marketing,eb52685ad19b850,46cab57bcc7bc0c04
C-Level,Marketing,35b038f19232590,5b089c97ac4590760
Director,Marketing,1840aacaafd5d5c,84a0a8655bac08880
Senior,Marketing,a33ed4bd73b1069,c0ab49c884c494ab4
Director,Sales,41f40cc0847fc59,6c785084c4a77cab8
Manager,Marketing,1fd5b2a49f767e9,5abc768764c54aab8
Vice President,Marketing,29b4307f95e3f4f,a894c075506b0b44
Director,Marketing,583b926e3c0199d,bc7658c4b7ba74b60
Director,Sales,d888f8020ca99e7,cb9999cb97850c400
Vice President,Sales,7597fb4bfe80a2e,47aacc89a4c895a7
Manager,Marketing,d6df0d75936ef3c,5470b05cbb058c86
Staff,Marketing,8f2886a8638c5f9,6678596a94b857760
Manager,Marketing,875015b8fa51f35,c0a686ca6784576ab
Director,Marketing,e42f03def7320e5,40659b9a049596488
Vice President,Sales,e42f03def7320e5,577545768a4094c76
Director,Sales,7927f715a88e309,504cbcba505559888
Manager,Marketing,c5f5db311cba340,a66b85a5c06aa5990
C-Level,Marketing,30c40fba7a6ced5,59a4b9cb96c54579b
C-Level,Marketing,e1ff03462adf692,50b975c74abac8080
Manager,Business Development,06559a695c3cc41,886066aa85598899b
Vice President,Sales,dae0051f01e8cfb,a795697a47b075450
Manager,Marketing,77a9395d4bb0498,cc9b7569b09a467a6
Director,Marketing,0594a4dd457488d,656b69686ba988a9b
Director,Marketing,825435802cf2cb6,b96740ca0b5749c96
Vice President,Operations,0ae5cde81b661bd,b9c706048c6b067ab
Manager,Marketing,a2b03c77830b418,58906449ca4bb76a
Manager,Healthcare Services,4ef0e9f14bdf4cb,74ba8c06b59b0a488
Director,Marketing,000MISSING,c7aa446aca5cb5b48
Manager,Marketing,fbffe2fd718abbb,a8646057c9a5b7a76
Vice President,Marketing,ecb42018fe19db6,5457c6a997a984848
Staff,Sales,cd8473af77e2c26,a4408065b4a88a746
Staff,Sales,458fe1e868f76cf,aa59a88596a708888
Vice President,Sales,2a44e86a18dcc14,8045c49bba6a0c95
Director,Sales,759f361a9fa6ebb,a759b4740b9095ba4
C-Level,Marketing,740cf3bb4bdd015,6c006885749b85448
Senior,Sales,1ac0e56eed772c7,cb0cb9490c59578b0
Director,Sales,bfba6903fe3872d,75a0bc0a45698779b
Manager,Marketing,8c069e8b1bce028,89c60b87a458c9408
Director,Marketing,e42f03def7320e5,bc75ca674ac4466cb
Manager,Marketing,a8a922925dec52e,a0c984cabbc5a95bb
Manager,Marketing,11727ec62fa8893,ab096b5c9b86049b8
Manager,Marketing,69eabbb824940d9,80c556ba894745cb8
Senior,Marketing,92d1455816e1299,b86c609ba4c67c976
C-Level,Finance,9572419cbc57bc7,65686b785a5408648
Director,Business Development,000MISSING,c50095a8cb6cb905b
Director,Sales,d498b134751a8e0,69ab605a988a7ab96
Director,Sales,b867a872a9ba243,4578a4a666770c976
Vice President,Sales,64477ac76c4248f,b99a96509cbbc0048
Manager,Sales,6093e3f6cdbb600,9ca66400975aa864
C-Level,Marketing,235fce190543453,abc9677cc6b5ac746
Vice President,Sales,c5f5db311cba340,a5c7c8669bc894c40
Manager,Marketing,120d9e85c33c5d1,8b865a940a9480b40
Staff,Sales,a4f4c80a95c68fa,9a6c0ca7b6ccb0896
Vice President,Sales,8c069e8b1bce028,906b4b660788a0576
Director,Marketing,581aef8a534fb90,a4c8069489cbcc674
Vice President,Marketing,095179daeb1daf8,706645c64896688a6
Senior,Marketing,b7f157308659d6c,786bc846c08c94656
Manager,Marketing,dae0051f01e8cfb,a69c7868bc9b5c750
Vice President,Marketing,dfe61858df5ea60,859c7a7bc506a8a9b
Director,Marketing,e90083322c6f22f,5ccca66740986087b
Vice President,Sales,e86363753fc4cd2,4ca0796866c680b80
Vice President,Marketing,fbae05c1a7c1ac6,45949c78966ac7c9
Manager,Sales,000MISSING,8440b78a06c04a760
Staff,Sales,825435802cf2cb6,a89c7c49590556088
Manager,Marketing,1d92c8d13f9cdd0,9a5606568468977ab
C-Level,Marketing,49c495932d71f5d,bb4c56c8407594bc6
Manager,Marketing,8d031bf0624987b,5b467755a0a95095b
Director,Marketing,2a44e86a18dcc14,687bbc8955758a456
C-Level,Finance,010b5f5ccb5a2cc,44c79a60a46cb4888
Director,Marketing,f0bffcd57c86f12,bac97694649cca8b8
Manager,Administrative,113d1733e8751a2,4a969c9a7bb846a84
Staff,Sales,9b5bc5cfff7beab,85b0647a9ab60960
Manager,Business Development,b62b2387e1341d3,6a8c96aa8787bb79b
Vice President,Sales,000MISSING,564ac09978a76579b
Director,Sales,aa4eea5d7de49db,795897467bb875488
Vice President,Marketing,d498b134751a8e0,54608c8aac7a4b5ab
Director,Marketing,2df2836b1a0fc5d,70aa80b8796b94a8
Manager,Sales,740cf3bb4bdd015,7b4b9c8a9c67a0048
Manager,Marketing,5cbe431c1ab56d7,bbcc84bc758589760
C-Level,Operations,7278ab20f821bab,9b04560a0a495a55b
Director,Marketing,458fe1e868f76cf,6a4aa57ba50754cc6
C-Level,Marketing,62950860631fbbf,a78cb4879a88c89b
Director,Marketing,0182ba3a7547bc9,48a0704747a998b64
Director,Sales,7c1e7ab7d709997,b8a94c0ab86856696
Vice President,Business Development,4d01dfb0312d68a,49847aa959c004064
Senior,Sales,9d00358d0f674ef,ab67c885bb45607c4
Director,Marketing,dc7fd8535093c50,658a46cc7c674b07b
Director,Marketing,34688cbb0f5f570,707a4cba695765040
Director,Marketing,ad34334cba72c0f,4996580c88a567560
Manager,Marketing,01c9df47d90d4d0,c6a5585a074c67904
Manager,Marketing,a145504d4f62960,cb74b994990a875c6
C-Level,Media & Communications,8533531ad701a4f,4c9a4409587c76048
Director,Marketing,2c010e514caa861,b8b74cb50749885b4
Director,Marketing,d26c28df784bc8b,87c49a546a0a48b7b
Vice President,Marketing,389bddde404451a,a5b9cb05646598488
Vice President,Sales,5b59b5c357f34c6,480879a709b90758
Vice President,Sales,e6946fa0c95efc6,a4b8060986566a5c6
Director,Sales,19b1a0791451021,7c0558b8597876464
Director,Sales,eef1c9da81ef446,ba7840090c787cc88
Vice President,Sales,9c0cf2ceea7dcc8,744660a886c970a9b
Vice President,Sales,df5ba6acf62b6b9,67558b9b6586c65ab
Manager,Engineering,4622b17d646dbe7,58646ba5b5cbcc8b4
Director,Sales,05c64e15042e18c,cc906540004884656
Vice President,Marketing,65aafd83534e938,74b46a96a9798a968
Director,Marketing,5c29233619b2481,bab965988b6a6985b
Director,Marketing,7927f715a88e309,497089cc8b04c4c5b
Vice President,Sales,f81b2f07313126f,49a5996595ba75b40
Manager,Marketing,38b5ecc62b0254e,b90744488b5c0ac44
Manager,Sales,9df0d71820cad12,c0467ba5474484a64
Staff,Marketing,e4ae47e82512527,589a64b04bcc6aa04
Vice President,Marketing,d01d793df9f1753,5b7aa09c098a88c44
Manager,Sales,d888f8020ca99e7,8a04c0470609b6784
Manager,Marketing,9d00358d0f674ef,9a9080c587aa7c0b4
Manager,Marketing,6345a801ef561e3,940809070bb4948b
Manager,Marketing,5b36bfd7f44b5dd,88908865986a6747b
Manager,Marketing,2df2836b1a0fc5d,7c489baaa96806608
Manager,Marketing,9baeac80552be0d,9658a7b9cc790608
Manager,Marketing,a3f534653feadb7,6b676a79c9b8880b4
Manager,Marketing,cbdcbfeae3ea036,55ba69a0a690b549
Director,Marketing,049fabbd4807a45,b7856b009b7a5c908
Director,Marketing,69fecf3f0a27c4b,4c9458c74acc45b08
Vice President,Sales,61b415d93243ca9,ca58bab65c75c7540
Staff,Marketing,766120613ecaf74,788abbc44464879c6
Director,Sales,375f73406c61d73,564554096cc7bb55b
Director,Sales,60c2b6bb0e98279,baba98b4870a5a696
Staff,Marketing,dc7fd8535093c50,4aaa6b8684947b480
C-Level,Marketing,0bd4029e2428f33,8c488baab0a449b80
Vice President,Marketing,05d7fa5aa84c693,58566a4c64a074704
Director,Marketing,ee1b920e3740577,bb8b959668094406
Manager,Marketing,1fd5b2a49f767e9,8860579c05a80009
Manager,Marketing,a69fc9839946988,7747b555879cc5664
Director,Marketing,d4975e3bde33c87,406765c854b7caa84
Director,Marketing,fa6950cd4d92562,7c947486c9460c408
Vice President,Marketing,061fa502c802bdd,5c7bb9b60b8a69448
Manager,Marketing,731795e3cc92c8e,44b64ab864ac44880
Director,Marketing,36d482e443e234f,898054b6769a764a6
Manager,Marketing,c1928be2bbbce96,556a5ba0b08a78a84
Staff,Marketing,9a9c7578797bf6e,c90a89b7b6494ab08
Director,Marketing,d498b134751a8e0,cbc7c65b7b7c89004
Director,Marketing,b6e40cf78e7beb5,5654b50b0cb760c76
Manager,Sales,38c02f94fc371a6,b694c75707a8bc704
C-Level,Marketing,2a44e86a18dcc14,a9c00494965660a04
Director,Marketing,395e6651e1fdbe1,a494a0cb489a68046
Vice President,Marketing,e28178a0055f489,b78950c6c8600b540
Director,Marketing,f21c34408a6576f,774c4a00a77c89b00
Senior,Marketing,5bd03a8686553e0,40cc495aa055865b0
Director,Marketing,d81b07d7a2dfcbb,68aa5488747570048
Manager,Marketing,e28178a0055f489,b774b86649b7c4076
C-Level,Management,f8ee76e7d48cdf6,856aca80697598c7
Vice President,Marketing,4efbf40f703b648,c8857a0b886456c9b
Vice President,Sales,ffb7146bec8a6fa,b5b084b6846408cb8
Manager,Sales,a4aa94a29bf6931,c88a4cc8865c94664
Director,Operations,05802537f71c80a,aa5b65a479c77c09b
Vice President,Marketing,362afe017d79ae5,8aabc855090a67a68
Vice President,Sales,6345a801ef561e3,74476a09764657ba6
Staff,Marketing,5408b7f01f8cf41,68ac57955a0459b64
Manager,Marketing,b30eb82ed25524a,b0c465b879a068bb4
Vice President,Marketing,dec55b8f6e1d51d,649cb595b40b9b4cb
Manager,Operations,03b9c5f64f6a57f,bc777a5a0a7098888
Manager,Marketing,7597fb4bfe80a2e,5c7aa7856b4c6599b
Director,Operations,732d8a327bea2ff,b4c05b88a94460bb0
Vice President,Marketing,4db9bc957b2151b,98509006c498ca66
Manager,Sales,f0bffcd57c86f12,65c97789b8c9b6a60
Vice President,Sales,32c21be68d4278a,5c9b74c9a9ab75bcb
Vice President,Business Development,7b1beb28f1307a0,600c580595984b056
Vice President,Sales,eef1c9da81ef446,b64cc59750c745688
Vice President,Sales,362afe017d79ae5,8caa5776948880400
Vice President,Sales,f448f6fe1c5f950,a690aa577b8596a60
Vice President,Sales,a3f534653feadb7,b975659776a45b9b8
Director,Marketing,802684033c1c82e,6c9b86c7cba477080
Director,Marketing,5408b7f01f8cf41,70b8684cb08bc7064
Director,Marketing,5b59b5c357f34c6,676b708bb445c6640
Vice President,Marketing,474efda71acd1af,7509655b878ac9c9b
Staff,Sales,825435802cf2cb6,5097c80c70c7a9c84
Director,Customer Service & Support,e78268e3ce3e13c,70849a5bc0cb66808
Director,Marketing,f448f6fe1c5f950,8c0a5c666b696099b
Director,Marketing,9029daa6102941f,a6bb580806670cc9b
Vice President,Sales,15bed827315e969,4bab64046c799b968
Senior,Sales,6e44e2f152682e7,cc05c95c49b4406b8
Manager,Sales,9d95b562c8aee95,78690a57c7b9c5c9b
Director,Sales,d498b134751a8e0,c04c5a5cc6c5b6b4
Director,Sales,977c134b50e6e6f,677c9694a99004608
Manager,Marketing,d90b717bbcbd9f7,4c6c7559b6b8c0a04
Manager,Marketing,cc63a5256b723d2,5ca95ac7990a684b4
Manager,Marketing,c522ac81926cbf9,b708564c5850c0796
Director,Marketing,f047f28876f3719,8c48ccc0a4067547b
Vice President,Sales,c1928be2bbbce96,587850c7658447976
Vice President,Sales,9d95b562c8aee95,578494978c789540
Director,Marketing,34688cbb0f5f570,7c8c656867c499664
C-Level,Marketing,7e96f9770558834,b4444baac6ca47568
C-Level,Marketing,73b762eead0ac93,9080c65a0040576a6
Vice President,Marketing,d6fba5a1fab1654,c8604ba74c6509b88
Staff,Sales,8f5821bff2a5c77,66a56c545c074b9b0
Staff,Sales,a1631fb70abe06e,b96c907bbb8a0ca7b
Director,Sales,5cc97fa50bd83a5,87b4a005878488c68
Director,Business Development,23f3378cb9b7251,6c90a5970ac00507b
Director,Sales,241a1be26aa00ad,6ca8b7944695b4a04
Manager,Marketing,5cd7d95fb63f9f6,44c0054c60a08469
Manager,Marketing,05ff722210a2150,c87c6846a77450088
Manager,Information Technology,ac5a0cb5f7a4a4c,559c9ab0098c9b76
Staff,Marketing,1fc52f0f3fb4b7a,48a9a87ba557b9840
Director,Marketing,337b43c4f5c0fb8,a9849897485b47c88
Director,Marketing,fa88c8fa774d3f5,4765ba7794a5bc680
Manager,Marketing,8ad8a441442554a,cab786486b46b7680
Director,Marketing,9c57856b693f1de,aa769ca097c8a6bc8
C-Level,Marketing,e28178a0055f489,87ba9c4c89a54ac44
C-Level,Finance,62950860631fbbf,b4a65458ca6056b64
Manager,Sales,9d5bcad76f3ae60,c7c44a0b56b584a8
Vice President,Marketing,56dbb3af52dc59e,a6c9cc0c959a90c46
Director,Marketing,.562274f7bb2434b,a655574cb8bc46bb8
C-Level,Finance,c1a84ad0fee908e,87c76076c0079a968
Manager,Marketing,ee1b920e3740577,70a4ab6b9c5c57bcb
Vice President,Sales,683068ebdce149f,54c8a907a0a799c60
Director,Business Development,5b36bfd7f44b5dd,50b686959076c9600
Director,Business Development,cc5746fb4974beb,54845998096b754b4
Director,Sales,474efda71acd1af,7b667076aba856768
C-Level,Product Management,39925531f5588dc,c0a44595047809808
Vice President,Marketing,e78268e3ce3e13c,a74544b794babb8a0
Vice President,Sales,7280492e0fce671,5ac5a48660087b576
Vice President,Sales,c5f5db311cba340,59cca7646944b4a5b
Vice President,Sales,8f894db43badf75,47b06a0a760c5ab64
C-Level,Finance,58e9bd0a819a989,46894760acc0450cb
C-Level,Marketing,339d01c320ab4bc,7a7405b8b0c6655b8
Director,Marketing,f02bb36b6f8ebd6,5466094898a45cb80
Vice President,Management,5b36bfd7f44b5dd,a45c5a84ccbb067c4
Vice President,Marketing,4197e26457e7485,79b4b9acb66a90688
C-Level,Marketing,583b926e3c0199d,506057b8c079c4c44
Vice President,Sales,ad34334cba72c0f,bc45758ba8b9ab784
Vice President,Sales,d888f8020ca99e7,7bbb0a0c86b5c058
Director,Sales,bb8f596691ee8f4,49b6c0a9a96c5b5ab
Vice President,Sales,d6df0d75936ef3c,bb5b4c59450b0b45b
Director,Sales,2c010e514caa861,c6c905cb9a766b840
C-Level,Marketing,e78268e3ce3e13c,99b889a957c08560
Manager,Marketing,d89f857e6020908,c9cb79c75804965ab
Senior,Marketing,9849381f8b98d1e,7b8ba90049977744
Vice President,Sales,ad34334cba72c0f,59b07aa5804c70664
Other,Marketing,2a183996c6c00fa,84bc76a969acb8896
Director,Marketing,26a4dff161c341c,c8448b8b9c04a6b56
Director,Sales,a691d2335572b51,9a0aba6a057c07408
Director,Marketing,6345a801ef561e3,6c78970a6057a6c04
Director,Marketing,5b59b5c357f34c6,5c09b08060877a904
Director,Marketing,26a4dff161c341c,b454097797845c996
Manager,Marketing,eef527fa2cb7581,cb07a56690094706
Director,Marketing,26a4dff161c341c,584580a0b9a877744
Vice President,Sales,4bf8860db4770e1,570b4766acca54ab0
Manager,Marketing,f047f28876f3719,7405457754568a55b
Manager,Marketing,62d9d22e01ea8a0,6bb06690b046b84a6
Staff,Customer Service & Support,339d01c320ab4bc,68998ac4858c047b8
Director,Sales,39925531f5588dc,c68c574c58864bb88
Vice President,Business Development,aa98c811ff052d2,b5890044a9486a880
Director,Marketing,d35bbc5f05de9ae,697bbaa4b6c4a0656
Director,Marketing,ee1b920e3740577,5750696b97c07b0cb
C-Level,Marketing,bb8f596691ee8f4,8678ab98b97780000
Manager,Marketing,f0804e505e255c4,7649877b0b0ca69b8
C-Level,Marketing,da5d198fd009de8,ab6980a96a5677874
Vice President,Marketing,20764a62baca5b0,a0b5aa785b0677464
C-Level,Human Resources,5cc97fa50bd83a5,54958558b9464c880
Vice President,Sales,095179daeb1daf8,44c95766567ac7b56
Director,Marketing,90760dcefbc2b50,a88a9c6aab545c708
Vice President,Marketing,ad34334cba72c0f,6c0c6bb6c545b0ac6
Director,Marketing,0793555900c09f3,60c65b67c7506c7c6
Manager,Marketing,04b524be56b0305,89040c4654bb59744
Manager,Marketing,823a856bee0e0ac,95904494a97c80b0
Manager,Marketing,f6ac7a88015964e,a70948c667675a47b
Vice President,Marketing,e2000c907be7f28,540595496704c5744
Vice President,Media & Communications,cfbbe47331a68a5,c6ccbccba878ccc84
Manager,Business Development,0dfdfcc0cbda4ed,a0c0406956477cbab
Director,Business Development,f151062573d326a,550c887049ccac55
Director,Sales,389bddde404451a,5767a8b44879579ab
Director,Sales,7278ab20f821bab,805a5560454a7bab8
Staff,Marketing,177e0af2654a9b4,444846b7850bc4cb0
Manager,Marketing,3f0270796ab636b,bbb756b85856b499b
C-Level,Marketing,cdcd11ee3dc7c50,5ab506ba08b5c54a
Vice President,Sales,121457db135dfc4,85c79b7b056ba0a44
Other,Other,9849381f8b98d1e,65c69b4c76b459aab
Director,Marketing,d498b134751a8e0,4609a596abc0a48b4
Senior,Marketing,4c112a2277352b4,74c74aa7cb44c47b0
Vice President,Marketing,362afe017d79ae5,c4bbc05498068ab96
Manager,Marketing,4efbf40f703b648,ac8046aa74c8059cb
Manager,Marketing,436e14c59efb4e5,8c007b9b4a947c5c6
Vice President,Sales,a145504d4f62960,60ab95986479b968
Director,Business Development,0dfdfcc0cbda4ed,60607759745a84064
Director,Sales,b62b2387e1341d3,55bac6b685a7bb400
Vice President,Sales,2a44e86a18dcc14,c975775056a80075b
Vice President,Marketing,362afe017d79ae5,545a8c9c04cc5ac68
Vice President,Marketing,7468e537ce60319,6b779a4a6b5c77c68
Director,Marketing,010b5f5ccb5a2cc,b898459947bc76c68
Director,Operations,4ef0e9f14bdf4cb,79868ac76b5064960
Senior,Marketing,9e870620db0b877,8c944770794a66896
Manager,Business Development,3ed3e9385c3ddff,b90cacb8c889c8556
Vice President,Business Development,9f5e337221dd350,465ab8580ccb9a8a6
Vice President,Sales,337b43c4f5c0fb8,45b075b4c895b47b8
Manager,Sales,04e39d43ae8d125,88ab609a799540ac
Vice President,Sales,8c069e8b1bce028,64b47976606707576
Director,Sales,fe6899683c97d28,49bb995499c785aab
Manager,Marketing,7e96f9770558834,7bc9666748ba4004
C-Level,Finance,fe2835f3902ef19,67857670056954960
Director,Marketing,bde8c4f085c9ce5,ca587a74075c7a75b
Director,Sales,0115bf23967b361,b406c674656760588
Director,Sales,5cc97fa50bd83a5,b66b9009abc7c0668
Director,Operations,1616c94dbd82694,b94c7b4b7a7557a9b
C-Level,Marketing,64477ac76c4248f,aa9876cb74ca099c4
Vice President,Marketing,435ffd49c8f1e98,79b099655494ba760
Director,Marketing,5cd7d95fb63f9f6,c584967c6504c9c68
Director,Sales,1600a5c22dbd51a,87574046ab6a84576
Director,Sales,86253a728860c25,7ca6449660b76cc4
Director,Sales,1fd5b2a49f767e9,84c7764559785a680
Manager,Marketing,ecb42018fe19db6,8c0868a50a0c5499b
Manager,Marketing,0793555900c09f3,76b0087c807099888
Staff,Marketing,6428ce79ddd8275,a64cc0765477580b8
C-Level,Marketing,5b36bfd7f44b5dd,9ab59ca867a4b748
Vice President,Sales,26a4dff161c341c,cb797cb960baa04cb
C-Level,Marketing,129c93af2329efc,7c05567ba7969aa5b
Staff,Marketing,1ee74719c143483,a7945484b7777870b
Director,Marketing,d8c2ef27475b41e,b966b4ba580469b68
C-Level,Marketing,4fafa796ddef31b,800c4c909a8b8755b
Manager,Marketing,90760dcefbc2b50,575a7b8958a65475b
Manager,Marketing,1600a5c22dbd51a,a77c8044a549a0
C-Level,Marketing,c522ac81926cbf9,c6b8c648809b96848
Manager,Business Development,a75c48ca3d630a7,cb56990950a04ab56
Vice President,Business Development,99edeef60c308cb,c5775c0abac55cb40
Vice President,Marketing,aac8171df1bc019,c577557ca705405b4
Vice President,Marketing,d9fe39d8be1f477,9aacaabc5b77c7504
Manager,Information Technology,e78268e3ce3e13c,799cb64a445aa8480
Director,Marketing,410fd339a50492d,8476c6bb87c0cc840
Vice President,Business Development,095179daeb1daf8,9a90c5cc494868976
C-Level,Marketing,cf3be48089ef26e,c560667c9b8b977b8
Director,Operations,a8146fe11c7c286,a56c50a6788957408
Vice President,Sales,8c069e8b1bce028,c60c790a67c664a68
Director,Sales,c8e63373c9440e0,400b7c0c69474b4cb
Manager,Marketing,ee1b920e3740577,a90045c86c7c5960
Manager,Marketing,67118bd26384cfa,706c54c098a8c6c9b
Director,Marketing,5c8c255fe3df53b,b068654b680899400
Director,Marketing,ee1b920e3740577,c8a0c8ca77564c456
Director,Marketing,6bbcbf79c78c413,cacc080bc5c77487b
Vice President,Sales,d6fba5a1fab1654,b6b46c7660795b588
Director,Sales,375f73406c61d73,7a64674957a984464
Director,Sales,8d9a44195c2fd9e,57b408600b6ac5a9b
Vice President,Sales,7278ab20f821bab,406a898980508007b
Manager,Sales,d6fabb2c34a6e57,bb798769c49b88cab
C-Level,Marketing,687392ceaa078b1,4cac756c8bbcbc968
Staff,Business Development,7927f715a88e309,8aca6aa9859ccc58
Staff,Marketing,6ba4f662121ed9a,764b9867595707056
Senior,Marketing,f29cb92d90f439c,85080674b6c4c0c04
Director,Marketing,f2fae777ec473ec,c9cb5a67bcacc87ab
Vice President,Sales,6345a801ef561e3,45cb68c84598b4648
Vice President,Business Development,b417157f0aeb326,8c5c76b9b98b9579b
Staff,Marketing,ebded3972e7f2d6,89860c55495aba600
Vice President,Marketing,5cd7d95fb63f9f6,496b7b647a0a547b0
C-Level,Marketing,b62b2387e1341d3,75657694059807888
Vice President,Sales,740cf3bb4bdd015,c7587746c8acbc000
Director,Sales,c5f5db311cba340,a5b59ab5a5a880b0
Director,Marketing,41f40cc0847fc59,8a6a99a95068c9008
Director,Operations,95bef87580506ba,b9097450ca66b5a00
Director,Marketing,f0804e505e255c4,cbb746aa4060ac77b
Vice President,Sales,05c64e15042e18c,874c0049065507744
Vice President,Sales,f151062573d326a,807c9b560868a8576
Manager,Marketing,5c5af5737ea9740,b95b677aa0c90bb08
Director,Marketing,0dfdfcc0cbda4ed,a8bc4607cb4b76780
Director,Marketing,f047f28876f3719,5b588568b90785056
Senior,Sales,a462fc5e66769d8,c6ac577c5cb5c6b80
Staff,Operations,b7a848dedb456d5,864c787cb567aab00
Manager,Marketing,9e870620db0b877,b508698c5abb5a000
Vice President,Marketing,a0bff5fc7a065b5,b0aab4bc8a5cb7ab4
Manager,Marketing,823a856bee0e0ac,c8948bb805ca4a67
Director,Marketing,7927f715a88e309,9cb7075b7bbc4706
Other,Other,825435802cf2cb6,5504cac40c4495cab
Senior,Marketing,03b9c5f64f6a57f,564660c4577907984
Director,Marketing,73e5a22e535d125,ab8cb4bc80906ab64
Director,Marketing,d6ae33b5bd96184,65960700609659a68
C-Level,Marketing,0b3c2688916ecbd,904909a456a668cc6
Manager,Marketing,c522ac81926cbf9,b5aabca68b9709c56
Manager,Marketing,5dbc09cfc7841ed,c58608956b0584b00
Manager,Marketing,86c91f7a49971d1,776a8c0aa8c97a69
Staff,Marketing,0793555900c09f3,b74b5460ccc7a9bc6
Director,Marketing,cfa16f49d1de7c5,c9cca600a99a8c688
Vice President,Sales,02bc52632bd5043,a0baac9b8ab07c974
Vice President,Sales,d3ab1620482c762,c088c9b69b50b74c
Vice President,Business Development,aa98c811ff052d2,789c8600544b9a904
Vice President,Sales,aa98c811ff052d2,b5b0b556954aab4ab
Director,Marketing,617006fc08f4546,9065b048b64406c68
Director,Marketing,8bae11374ba7a74,6b59a57a8408a4000
Vice President,Sales,0145b6334d6dcdd,40989c040ca800c5b
Vice President,Sales,cfa16f49d1de7c5,55cbb444547905b08
Vice President,Business Development,121457db135dfc4,4657c794bb4c06048
Staff,Marketing,718bafe8e41f34e,566a4908786058504
Manager,Marketing,7927f715a88e309,408cba06885696056
Manager,Marketing,617006fc08f4546,65acc895070acc888
Vice President,Sales,a8146fe11c7c286,8760609bb86a9609
Senior,Sales,825435802cf2cb6,c8c07a0b777778bb4
Manager,Marketing,3ed3e9385c3ddff,cac9aac878777c548
Director,Marketing,5cd7d95fb63f9f6,b686a8b8066b70868
Staff,Sales,5bd03a8686553e0,bb50a058878a85060
Staff,Marketing,a0bff5fc7a065b5,65c785c460684b99b
C-Level,Finance,df5ba6acf62b6b9,88b6875979866a584
Vice President,Sales,15bed827315e969,8607b7bc067a90c5b
Director,Marketing,5d4cfa0ecb376bd,7cbc444068887b608
Director,Marketing,dd32bf1fa1eebb4,5ba5066ba65bc5bb
Senior,Marketing,35b038f19232590,5b4009c0b558685b8
Manager,Sales,61b415d93243ca9,c0a7796a46597b9
Manager,Operations,a8594a81d776d41,acc9ab798c85895a8
Director,Marketing,d89f857e6020908,4cc9b4cb8a4a85568
C-Level,Operations,3f0270796ab636b,90a04900774a009ab
Vice President,Business Development,f047f28876f3719,85b65c46877c0c760
Staff,Marketing,ee336c9a6f525f4,75c9c545860ac0ab8
Manager,Marketing,2c010e514caa861,8967a09a957757a84
Vice President,Management,9338972d79a53e8,aaa0aca56a6ab9cc6
Senior,Operations,317dab43a81e40c,b0a0c7690c8caacc
Director,Marketing,ffb7146bec8a6fa,8c0689845444cbc84
Manager,Marketing,cb420714dcd6df8,9040a88a70a65b064
Staff,Marketing,9b5bc5cfff7beab,7c8a6ca4c879676cb
Staff,Marketing,41c1ca950f1421a,7966a600c05786688
Manager,Marketing,1d92c8d13f9cdd0,cc457cb5a64a05576
Vice President,Media & Communications,9338972d79a53e8,479089a48c7a40456
Manager,Marketing,7278ab20f821bab,c5668b9686c8a6a76
C-Level,Finance,5d4cfa0ecb376bd,4cb79549c66c45b48
Vice President,Marketing,ad34334cba72c0f,597a884a50700c080
C-Level,Management,8d031bf0624987b,7cb96566864a80944
Vice President,Management,df217611017f792,66608bb58578c4b56
Director,Customer Service & Support,51dc81f33bde1bd,b4859b090c546aa5b
Manager,Sales,d4c898441c8b484,b8098459a8b0b0908
Staff,Sales,6811320fc8ecd83,48bc8697c77bbcc5b
Manager,Marketing,b3a8d0cf1a9ffc6,bb489b69b05040bb8
Manager,Marketing,6c5ee168ab6de80,ab569aa07b544b0b8
Manager,Marketing,f0804e505e255c4,6487bc5a467b956b4
Manager,Marketing,f23c18308015dd8,a96b88976c5caa7ab
Manager,Marketing,3367661359746a8,c40767b7748a4a984
Vice President,Sales,d6df0d75936ef3c,c4b4ca5b0b79c9a04
C-Level,Sales,83b0dcf7d543094,67cc4c08a69c44048
Vice President,Sales,977c134b50e6e6f,75c99977b049a0b56
Vice President,Sales,0ec78db2c7be600,c547ac47a09796968
Vice President,Sales,9d5bcad76f3ae60,c646a65854cc97b48
Director,Sales,d888f8020ca99e7,877856c749c65cc8
Vice President,Sales,a92f42b1e4915e8,c6a86078845646b80
Director,Marketing,62b334b48e4f216,9b0ca060780cc08a6
Manager,Marketing,cd1d9c612d6fdf1,7854cca0609059a68
Manager,Marketing,7278ab20f821bab,cbc060c06674b4cc6
C-Level,Marketing,dc7fd8535093c50,650c655a8a6490b80
Director,Marketing,1a2e3ceab53b960,5447469586aa9c7b8
Manager,Marketing,54673371fad09c4,ab40b57bbc795776b
Manager,Marketing,cb553e80407132b,88b7ac74049494096
Vice President,Marketing,1840aacaafd5d5c,bb648baa0aa8b6b96
Director,Marketing,7c1e7ab7d709997,8b6a64b64766cb096
Director,Sales,0115bf23967b361,a076b8bab6ac669c8
Staff,Business Development,9e870620db0b877,a8c49069a4ab66880
Vice President,Sales,64477ac76c4248f,c5780985c80b97ab0
Vice President,Sales,8f894db43badf75,907648cc4097685ab
Director,Marketing,362afe017d79ae5,58b76a7bbb4655b56
C-Level,Marketing,f74ad4d94477591,7756049590abc6608
Manager,Sales,bfd89a176e067b2,64567c9ba9874c696
Director,Marketing,dd97864706e9e95,6a67a897858445400
Staff,Sales,841ad2016877266,ab044a50457707cc0
Vice President,Sales,15bed827315e969,5486448b4608abba6
Staff,Marketing,e78268e3ce3e13c,84a5050cba075c4b4
Manager,Marketing,8c069e8b1bce028,6b4c48a76b89bc440
Manager,Marketing,667f9e9ab6d0490,b89897a94459a068
Director,Management,919505745bc1c28,77a9b4c00aac45b96
Director,Marketing,02c0a1a6a6dbd03,a94acc487799c0448
C-Level,Marketing,b7f157308659d6c,85ac8ab8a500c507b
Director,Sales,839904e27ea92a8,775a66804c94caa68
Director,Management,4678fc870ffa271,756c74b860658b59b
Staff,Marketing,66bbfaaf43aa161,a88005a8b99586964
Manager,Marketing,9338972d79a53e8,a4888bb5c706b649b
Manager,Marketing,c026445f1d2c595,a56bab5976986c974
Vice President,Sales,e17ca12d80ab723,8460c557880809b4
Director,Sales,b5fb6038a3afe45,bbc00867769a7b4cb
Vice President,Sales,766120613ecaf74,c904588a6774555ab
Director,Marketing,aac43e5ac87e2a3,698460957b98cc70
Director,Marketing,617006fc08f4546,89c74b94c606a4a60
Vice President,Management,dc7fd8535093c50,aba95b0c776a7b998
Staff,Sales,e78268e3ce3e13c,80aa06c546ba6cb64
Staff,Sales,3ad801528dcbf71,a44c00a8469644b60
Staff,Sales,8df10e9d37af4fb,cb455a409cca6ccc6
Vice President,Sales,d6fba5a1fab1654,65578a7c475a64456
Manager,Marketing,69fecf3f0a27c4b,495c946994cac0488
Vice President,Marketing,ac52ebc4ea501e4,45775457689c504b
C-Level,Marketing,d4c3ac7dca86eef,446bbac5654aacb00
Senior,Marketing,41f40cc0847fc59,6a5a49c688946c064
Director,Marketing,000MISSING,c78cba5495c6895b8
Vice President,Marketing,a691d2335572b51,689ca7c0c0b4aa600
Manager,Marketing,095179daeb1daf8,584996a5c65a968cb
C-Level,Finance,62b334b48e4f216,47a94a9068a9474cb
Manager,Other,18a5a778029d9a4,76c78cb5a50b8a696
Director,Marketing,8f36b68d0949a2c,cc8679776bc960a48
Vice President,Marketing,92cdb029788d174,5b0b57b40c44460cb
Senior,Marketing,a33ed4bd73b1069,65ac60a77ca4c9008
Other,Marketing,687392ceaa078b1,4860a9009a96648cb
Director,Marketing,5574ed9776dd9ad,a9c8758c460c6b840
Manager,Sales,9849381f8b98d1e,67bca6008a7470488
Manager,Sales,f2fae777ec473ec,c965b949985890976
Manager,Marketing,f29cb92d90f439c,640885c657b699c60
Manager,Marketing,6f0758b26e3489d,5c58ba88075b475ab
Staff,Marketing,825435802cf2cb6,aba60594745b55b88
Vice President,Marketing,5b59b5c357f34c6,bc5495cb09ca65ba6
Vice President,Sales,000MISSING,770cb4b70b9099056
Director,Media & Communications,e2000c907be7f28,80c0b9787600cc440
Director,Sales,f448f6fe1c5f950,a7504765b6cc4c468
Manager,Marketing,1fd5b2a49f767e9,6690a8b647c6a6888
Manager,Marketing,0793555900c09f3,407b7a99ab8977904
Staff,Marketing,c27a8d94d1c057c,70889c09595c780b4
Senior,Marketing,e78268e3ce3e13c,7bba99077858a5c44
Director,Marketing,d81b07d7a2dfcbb,a08b7c76b460b4008
Manager,Management,e28178a0055f489,b6c6454470cb08584
Vice President,Marketing,fbae05c1a7c1ac6,75b740868b90bb448
Director,Sales,000MISSING,cb0675c56bb09c080
Vice President,Sales,92d1455816e1299,c084a6080c6998956
Director,Sales,3cac1353ccd1dd5,a8ab865c554ab96b0
Senior,Sales,76a9589020e21de,59ac5c099580a087b
Director,Sales,b7f157308659d6c,5ca64c5697b996488
Director,Sales,1a2e3ceab53b960,c987a049bc68404a6
Director,Sales,7c1e7ab7d709997,9074bc609678840a6
Director,Sales,d888f8020ca99e7,700cc0046669b69ab
Vice President,Sales,a462fc5e66769d8,9ba954c7c9aa89a84
Director,Business Development,e4363137ee96615,abb6b90709b698a0b
Director,Sales,f02bb36b6f8ebd6,8a97c9660a4787456
Director,Sales,5b36bfd7f44b5dd,78b67547864bb0608
Manager,Marketing,76a9589020e21de,5608bc77980946648
Director,Marketing,7597fb4bfe80a2e,a6a80bba78a6c6a44
Vice President,Operations,26a4dff161c341c,ab08886c8c59ac7ab
Manager,Sales,f02bb36b6f8ebd6,c9b6a07968797a704
Manager,Marketing,64477ac76c4248f,505bc6868460a8656
Vice President,Marketing,6e44e2f152682e7,45549a75859499088
Director,Marketing,a1631fb70abe06e,a849706accc6006ab
Director,Marketing,f91ea121042429a,4b8b85a7caca4a904
Manager,Marketing,7278ab20f821bab,b96a49b50ab509000
Director,Sales,d498b134751a8e0,b7a89cac08cb79bb0
Vice President,Sales,b7b2379ef1964a0,ccc4cc5bab8040c56
Director,Sales,5cd7d95fb63f9f6,c0765a9a7b7884044
Staff,Customer Service & Support,4d01dfb0312d68a,4a047aa85aa495b5
Manager,Marketing,66bbfaaf43aa161,b8ccc949c0c409448
Director,Sales,cd8473af77e2c26,aca948054c84570c0
Staff,Marketing,e78268e3ce3e13c,85865a408478707b0
Manager,Marketing,dd4d2457d2988cd,9a4cbac6c75000ab8
Manager,Marketing,dca0499cadef129,abb067598c04cc994
Manager,Marketing,69fecf3f0a27c4b,a6a6b79c709a94748
Staff,Marketing,0ec78db2c7be600,60b4098095a85079
C-Level,Management,5bd03a8686553e0,6ccb9540a6b69b488
Director,Marketing,cdcd11ee3dc7c50,85c49547a8bc7795b
Vice President,Marketing,6f0758b26e3489d,697547894c0c86ab8
Manager,Marketing,4d01dfb0312d68a,49c07ab87accc5c76
C-Level,Marketing,f08ff28450320ea,45567b400bb686a9b
Director,Product Management,39925531f5588dc,50c879745a5a005a
C-Level,Marketing,a4aa94a29bf6931,879ba78c8bb0bac60
Director,Management,e2000c907be7f28,8664a457bc8a6c008
Vice President,Marketing,a33ed4bd73b1069,6ac969ab5c96950c
Manager,Business Development,a279698f46f1840,b09cc955cb66ca4a6
Manager,Marketing,3e199442cc1f655,85a4cb0ca47c84000
Manager,Marketing,3f5c3dec8a587ee,b676679babab7906
Vice President,Sales,362afe017d79ae5,ca746a79496487088
Manager,Marketing,177e0af2654a9b4,aac46b7c8bb7bb5cb
C-Level,Marketing,c71dedbe032c518,4b4404474857a9504
Vice President,Sales,cc5746fb4974beb,6b5a094757ba406
Director,Sales,2a44e86a18dcc14,460c8b4c5b5a96c44
C-Level,Marketing,76a9589020e21de,6ca4c5474cbcbac76
Director,Marketing,bfba6903fe3872d,7c7404c894649c60
Director,Marketing,c62e72d590019f0,cb4c4b0879a9670c6
Manager,Marketing,cdcd11ee3dc7c50,b8c88580c6aba0068
Manager,Marketing,095179daeb1daf8,bc4a8854c08a7b960
Director,Marketing,d35bbc5f05de9ae,870608cc7c7879600
Staff,Sales,27f479218fe69d0,a77b4879569905796
Vice President,Sales,b6d3f2ca966c0bc,7c577c95558564b88
Vice President,Sales,6d8b1bc6e71fa0f,c7894796bc96a079b
Director,Engineering,e78268e3ce3e13c,a70b49c94867c6904
Staff,Sales,5bd03a8686553e0,456000047aa9ac88
Manager,Information Technology,f63f6e532ab26ac,b9065a90a97a80a96
Director,Marketing,2a44e86a18dcc14,476c580085859ba5b
Director,Marketing,77a9395d4bb0498,a0c805840b67947c6
Vice President,Marketing,1ac0e56eed772c7,aba608988bc049506
Director,Operations,378e30f9a8e98de,5c00c7cacc54c659b
Director,Marketing,6811320fc8ecd83,6556878a07b946cab
Director,Sales,1fd5b2a49f767e9,68574ba0686b7a59b
Director,Sales,c5f5db311cba340,59caa5994c49bb456
Manager,Marketing,29b4307f95e3f4f,8640abcca907809b8
Director,Marketing,28827d0f617cf46,65969665cc8c05ab0
Director,Marketing,a145504d4f62960,4b547abbb76b06784
Manager,Sales,67118bd26384cfa,a6cb56a04b7896598
Director,Sales,d6df0d75936ef3c,658bc0b00bb597c9b
Manager,Marketing,d8c2ef27475b41e,5bc08b8760694cb40
Director,Marketing,05d7fa5aa84c693,56b5a675060b8747b
Director,Marketing,3f0270796ab636b,cc4674c84454b4804
Director,Marketing,0480842565270bc,8a6b87ab44788b6b4
Vice President,Sales,b7f157308659d6c,aac669aac99409cc6
Manager,Marketing,4efbf40f703b648,845ac9675978c6544
Manager,Marketing,b7f157308659d6c,b9b87ac65879a9b88
Staff,Marketing,a1dfe191d46f70c,898580ba58aaa755b
Vice President,Marketing,67118bd26384cfa,5780b499b57bcb864
C-Level,Finance,3e84cd6d95d291e,c8b85598477b4b560
Director,Marketing,fcc616f820810a1,68648b6789b00787b
Director,Media & Communications,cea00a06edb0803,7895464aab7596c9
Senior,Marketing,9baeac80552be0d,9bc5696c64bb56a8
Director,Business Development,718bafe8e41f34e,b89405b5a998c9c76
Manager,Marketing,095179daeb1daf8,7590ca58c8a80b896
Vice President,Marketing,211989422421d49,8588a9798b7c08064
Vice President,Marketing,e4ae47e82512527,69b45066ac99a0a7
Director,Sales,69fecf3f0a27c4b,670c46788c949b480
Vice President,Sales,3cac1353ccd1dd5,506098cac5887c800
Manager,Marketing,391ad42a0d5a3bf,444ca7055004c4000
Director,Marketing,d6fba5a1fab1654,48b0c68bc0076b6a6
Vice President,Marketing,9499ad02cd3b127,8c806bb90c0898b08
Vice President,Sales,762d45de7e16480,a56045b4845855b4b
Director,Sales,4ef0e9f14bdf4cb,5c00060bb9ac7607b
Vice President,Sales,4197e26457e7485,57aba8565647750cb
Director,Sales,5142aa3b8329712,64687aa8a080a679b
Vice President,Marketing,fcc616f820810a1,5094bc506c5bba504
Director,Operations,8bfa65208a797f3,55c7aa565c060a6cb
Director,Marketing,5c5af5737ea9740,999b57900ab95940
Director,Sales,9338972d79a53e8,5b4c00cb8c7697800
C-Level,Sales,26a4dff161c341c,a487cb705b49c59b6
Vice President,Marketing,95bef87580506ba,a0c050b5c4756b0b0
C-Level,Marketing,bfd89a176e067b2,884bca056566aba44
Director,Marketing,4d01dfb0312d68a,bab7074969ccba0cb
Manager,Marketing,cfa16f49d1de7c5,65c9a687596c546b4
Vice President,Marketing,caf90ccb702e583,79bba6564b58b667b
Director,Business Development,02bc52632bd5043,58b95ccb646650ab8
Director,Marketing,ffb7146bec8a6fa,666c7c597b65b75ab
Director,Marketing,3a91832ca387b69,ac48b7ab990900b64
Manager,Marketing,5b36bfd7f44b5dd,6685aba4c695c64a6
Vice President,Operations,177e0af2654a9b4,6089c0805747c795
Vice President,Marketing,7278ab20f821bab,8696bc805588669ab
Director,Sales,5142aa3b8329712,6897990a0ba70c8b4
C-Level,Marketing,12dd81d6965a4a4,aa8b5c87c6c4cacbb
Director,Marketing,5bd03a8686553e0,478c896abb584b55b
Director,Marketing,27ee031cea24781,abac0a565bacb8acb
C-Level,Marketing,e662d9de1fa535e,46cba945b6a980800
Director,Sales,6a01afb165d1914,6c44cbb0968b06cc6
Vice President,Sales,000MISSING,c69b9cac7b89a4560
Manager,Marketing,b7f157308659d6c,b970b0484b5604964
Manager,Marketing,1d92c8d13f9cdd0,a5c5b970905a5a904
Staff,Sales,be065349b4f2624,789958a864998459b
C-Level,Marketing,732d8a327bea2ff,807cbc5aabc0a4b08
Director,Marketing,a2b03c77830b418,5a0a4b8486ba69080
Staff,Business Development,c8e63373c9440e0,a6480654c88bab6
Manager,Sales,55e11c63a45082d,a74455ca477c04654
Staff,Marketing,a2b03c77830b418,a0a756ac7ba7007c4
Director,Marketing,67118bd26384cfa,aa79a478a9b9a09c0
Director,Sales,0594a4dd457488d,b888555748570a080
Manager,Marketing,4037e60754e3d95,c757c6c808b44b088
Manager,Marketing,464a6a94a551026,6697ca080c7757880
Director,Marketing,222bb57587262fc,b7a4794670558a5b4
C-Level,Finance,f560aaa7d33947f,bbc569ba5c50ca780
Director,Sales,000MISSING,5babbba60c85b7000
Vice President,Sales,925780abd60a74f,559a57096c845875b
Manager,Marketing,da01b9590d758b0,a758796594a88a45
Manager,Marketing,4197e26457e7485,5aa465966c6c94a9b
Vice President,Marketing,f6ac7a88015964e,868754b7bc6a67b48
Director,Sales,839904e27ea92a8,abc09665aa00894c
Director,Sales,4197e26457e7485,598574057ba8aa9ab
Vice President,Marketing,61e1534eb30e5da,c9b066a9567a08096
Manager,Sales,7dd1c98f8fd8e26,554c47b5448799bb4
Director,Business Development,1a2e3ceab53b960,9a7a7bc7c0ac49408
Director,Sales,8d9a44195c2fd9e,768c4588cca757760
Vice President,Marketing,511e93333018312,46588a8ac4aa507b
Director,Marketing,7dd1c98f8fd8e26,a96a6085c4b576764
Manager,Sales,1ac0e56eed772c7,c50890407cac046cb
C-Level,Marketing,f91ea121042429a,7babc487584604b88
Staff,Sales,a8d19e8391e8b99,b0094b6a4698880a6
Director,Sales,0145b6334d6dcdd,6cab9b9c9a899abcb
Director,Sales,a8594a81d776d41,b66a950a850767a7
Vice President,Sales,000MISSING,60050a4a0906bb704
Staff,Sales,f2fae777ec473ec,648bb967956684856
Manager,Marketing,8a5ac3326ce1b2b,a0779c5bc79bcc000
Manager,Marketing,e4ae47e82512527,45a974b78694cb864
Director,Marketing,24be520c5025beb,779c946a9067a907b
C-Level,Marketing,d6fba5a1fab1654,c9579a95cc6979c44
Director,Operations,39925531f5588dc,a05b774565cbb686b
Vice President,Marketing,20764a62baca5b0,67976600467578bb4
Director,Sales,05c64e15042e18c,58564b6b77604a680
Director,Sales,8ccaa4cf23a8a92,c57844c94bb906864
Vice President,Sales,d888f8020ca99e7,b069559885a6c9400
Vice President,Marketing,fe6899683c97d28,6a49b78986b5acc60
Director,Sales,ccda00e37fa7db4,4cab89680a08a6cc6
Director,Marketing,5c5af5737ea9740,884a4474800b7a664
Director,Management,f8da651bbe4c041,b864845bc6b444800
Director,Sales,d888f8020ca99e7,ab45067cb895a0864
Director,Business Development,1c3a5aa593a379f,7a84458bcc99489c6
Manager,Marketing,caf90ccb702e583,b486acbbca898a0ab
Director,Marketing,160863bf2aabe4a,789bbba90cca0cb4
Manager,Marketing,d6fba5a1fab1654,48b8b89ca09454bcb
Manager,Marketing,e86363753fc4cd2,c7858b709b707b568
C-Level,Marketing,9b3a1776a73eacc,b88a780bc06cc5bab
Director,Operations,4197e26457e7485,895bc8c47b4780a76
Vice President,Sales,66bbfaaf43aa161,a9b4c94560b6476a6
Vice President,Marketing,6345a801ef561e3,4c6c5658a98bbc048
Vice President,Marketing,56d335daba65957,50869cab46ba8a768
Manager,Sales,9bae3b5c7deb1b4,a47c6c4c9596b075
Vice President,Sales,66bbfaaf43aa161,696547bb9999bb480
Director,Marketing,15bed827315e969,cb8ab09cac05056a6
Director,Marketing,dec55b8f6e1d51d,54a880c7400c9cab0
Manager,Sales,389bddde404451a,65c7bb4cb6c44058
Manager,Marketing,90760dcefbc2b50,c690748a4b99884b4
Manager,Marketing,0115bf23967b361,ab5cb744694957a94
Director,Marketing,6e44e2f152682e7,c885cc77cb747aca
Senior,Media & Communications,5ee0205233ef89f,c75c68c7b0000a5b8
Director,Marketing,1316d3ea193dc90,86879760c0574ac76
Director,Sales,12dd81d6965a4a4,b68a896477a4abc6
Manager,Marketing,3903db9db996a3d,5087670756a7086cb
Director,Operations,1616c94dbd82694,6b8780a8b6906ca04
Director,Sales,43da9b36b80da4e,a990ac77c5c874844
Director,Marketing,c71dedbe032c518,48a05775894b0c55
Staff,Sales,f7ae7f73b6e0ad3,7cc7867c99008a664
Director,Sales,528675822689c66,7ab844ab9c0994800
Staff,Marketing,2cdcc7856a8fc9c,c6675a60c07555800
Director,Business Development,2a9b2a5e7ff028b,4cccccc4b70a866b4
Director,Marketing,92cdb029788d174,a700b740c47bb6540
Manager,Finance,cc63a5256b723d2,6c80c89769b447440
Director,Sales,30af275bf18e738,7b560bcbc9baca600
Manager,Marketing,2de6de39e39f7dd,748c8986b0455a664
Staff,Marketing,92d1455816e1299,8babc45609790ac9b
Manager,Media & Communications,39925531f5588dc,c845654676540bb4
Director,Marketing,9baeac80552be0d,4b68ccacaca987680
Director,Marketing,183ba805af862a0,8a57a858b8baa54
Director,Marketing,fc9d9436161e0b2,668acb09550a64b40
Vice President,Sales,4ca35ac090a153e,465775bc488405b40
Senior,Operations,e2000c907be7f28,6909a555c9497aa44
Director,Marketing,ac52ebc4ea501e4,557b0a0560548a456
Vice President,Operations,1915bb5acf3c220,b7a9b588b599ac876
Director,Marketing,15bed827315e969,bb506b8c46644a4b8
Director,Operations,bfba6903fe3872d,c46ab05c6a88c8084
Director,Sales,5b36bfd7f44b5dd,7ca874c58585aaab0
Director,Sales,d888f8020ca99e7,490ca4c74c8c58c84
Director,Sales,b62b2387e1341d3,b86896a6aac6468a6
Director,Sales,d888f8020ca99e7,9067c07948a5a45b8
Director,Business Development,.562274f7bb2434b,a74b9b69c5c89a476
Staff,Marketing,4d01dfb0312d68a,90509b97985c4ab80
Vice President,Marketing,7dafb45a04b25fb,68a70ba6b8c0497b8
Vice President,Marketing,05c64e15042e18c,c88707bb8cc8a66b4
Director,Marketing,5c5af5737ea9740,6b0858689b8aa7c5b
Manager,Marketing,ed34795b7f0f5f6,8a9a9cb9464707b96
Staff,Marketing,581aef8a534fb90,5a9545604b8964b40
Vice President,Marketing,9f5e337221dd350,c7a6a750447aa97b8
Director,Marketing,e21454ddd98bf67,70b48459aab8a89b8
C-Level,Marketing,d5bcb7c9f9407cc,ca9a8590a784aa5b
Vice President,Marketing,4a2a84348c34224,baab95ac077a059
Vice President,Marketing,8a5ac3326ce1b2b,4b988a8c960986040
Vice President,Sales,732d8a327bea2ff,c8650a4b79c909a60
Director,Sales,7597fb4bfe80a2e,840649908cb5404a6
Vice President,Sales,ad34334cba72c0f,bb549ab6559c76484
Director,Sales,095179daeb1daf8,b965804a747cb88b0
Manager,Marketing,a97b486ac28f4d8,74c44690994405776
Staff,Marketing,095179daeb1daf8,808460c0870555504
Director,Marketing,825435802cf2cb6,4664084b07680895b
Vice President,Operations,583b926e3c0199d,aa45a44a768856a84
Director,Sales,4dd304b828ad63d,544649467706a6960
Vice President,Sales,26a4dff161c341c,c975754ccc590b45
Director,Marketing,39255e8cb0e21ac,c5559b0a9658b8996
Director,Sales,23ffe85c505d06c,aa54a89800b40c658
Vice President,Sales,66bbfaaf43aa161,4b8b98c704a787768
Staff,Marketing,e78268e3ce3e13c,b650ac4a98965ab80
Manager,Marketing,ff127dc9fbb7636,8b98099905c7b5a84
C-Level,Marketing,6500326ed9624ee,c06c5a9b0ab4a40c6
Staff,Sales,1fd5b2a49f767e9,7c8899850bc000976
Vice President,Sales,121457db135dfc4,9c4646a98748c5c6
Manager,Marketing,5b36bfd7f44b5dd,64608989c065a0c84
Manager,Marketing,121457db135dfc4,cac54856980c747b0
Manager,Marketing,53b46b94e05a138,4598c9c7a8b608ab8
Senior,Marketing,3a0ce05de881206,a746b8656baa0c766
Vice President,Sales,8df10e9d37af4fb,5b78c4b57545ba648
C-Level,Marketing,3e84cd6d95d291e,6a9596c70708c07ab
Director,Sales,362afe017d79ae5,4cb0b8c7c96ab5760
Vice President,Marketing,e68d4f986e75df1,7c5605cc556a66496
Senior,Sales,8d9a44195c2fd9e,5aca8cba99a80b99
Director,Sales,8d9a44195c2fd9e,b7095468664400a00
Director,Sales,6f0758b26e3489d,6c64b00548b95809
Vice President,Sales,9f5e337221dd350,65a5cc55055c086a6
C-Level,Marketing,ad51258424b21b3,5589a57548ac4a7b8
Vice President,Human Resources,f6a4af52c3d7bd4,65c9067ac9c0bc50
Manager,Marketing,406fb27151bbaae,56667750769b4c4cb
Manager,Marketing,766120613ecaf74,446c8a690b76c4ac6
Vice President,Marketing,e2e7db4d315b60a,50594ac89c6505c5b
Director,Marketing,0663c8ba6619158,554506acb88966488
Director,Sales,d888f8020ca99e7,acc686465674a0a76
Vice President,Sales,27ee031cea24781,acc8bb57555955a00
Staff,Marketing,4e3987d0ce4676d,4c9cc58b48bb00968
Director,Marketing,e228b8176fc2b70,c94b87c5006646c68
Manager,Marketing,5154b98de2f66df,a699c5b6094caa90b
Director,Marketing,e78268e3ce3e13c,ba90c8a4cac7875c6
Vice President,Sales,4fafa796ddef31b,8ca04997878957808
Vice President,Sales,000MISSING,5cc4646ac49b55b88
Director,Business Development,f448f6fe1c5f950,4a7ac846a0085b656
Director,Sales,cc5746fb4974beb,60459709a58b96a60
Manager,Marketing,67118bd26384cfa,6667a7a9078aa6b56
Manager,Marketing,b768a2856db3626,6997bc600954a9984
C-Level,Finance,7dce28d9fa64026,ba0c498bb80aa6000
C-Level,Finance,4c112a2277352b4,b80a94906709cc6cb
Vice President,Marketing,34688cbb0f5f570,909c9699b40479a5b
Vice President,Sales,839904e27ea92a8,ba4b6647b90c09440
Director,Sales,a462fc5e66769d8,4574a576888ca5600
Senior,Marketing,9338972d79a53e8,47cb744544060bc68
Manager,Marketing,b62b2387e1341d3,b80645866c50a9a68
Director,Marketing,6ceb31fcabf0201,cb499a58b4c046b7b
Director,Business Development,3e84cd6d95d291e,b687885054a679840
Vice President,Business Development,d3ab1620482c762,764aa884777c596cb
Director,Sales,b62b2387e1341d3,79b55c70688b9bc84
Vice President,Sales,8f2886a8638c5f9,a6c6466c9665aab06
Director,Marketing,2aee156988349d7,69a088b749c7cb4a6
Director,Marketing,bde8c4f085c9ce5,9a88a606564a95b48
Manager,Engineering,a8d19e8391e8b99,cc7588b9aca7b80b8
Manager,Marketing,d35bbc5f05de9ae,cbaa6b8a89cb464a6
Manager,Marketing,c3155de6f982af3,bb4b6805b7006a07
Manager,Marketing,e78268e3ce3e13c,6bc7845685460c5ab
Staff,Engineering,69a3a363a4eb884,60a6568578b98a568
Staff,Sales,d8c2ef27475b41e,7706cc0796b7464cb
Vice President,Sales,05c64e15042e18c,ca598c7457646697
Manager,Product Management,875015b8fa51f35,8a8ba4ac995cc0b88
Manager,Information Technology,d6df0d75936ef3c,745b9b4460c745b96
Vice President,Operations,f21c34408a6576f,ac0b478a8a64a6a88
Vice President,Marketing,3a91832ca387b69,a5589677648bb0ca0
Vice President,Marketing,357b649f70201f8,5445cb4986544b07
Vice President,Sales,11752bf9ae2ae8c,b9689b9cacb8c4c48
Director,Marketing,ca8a84217a43e7b,a7baa6498856bb86b
Director,Marketing,f047f28876f3719,5aa07ca9a9c9b8984
Manager,Engineering,cc63a5256b723d2,8a9c789446485c088
Director,Sales,395e6651e1fdbe1,c75458700a9790944
Vice President,Sales,f448f6fe1c5f950,c7965c9c60b5aaa76
Staff,Customer Service & Support,7927f715a88e309,ca5468bcb775865b8
Vice President,Management,8d031bf0624987b,64997a5665c88bcb0
Vice President,Sales,fcc616f820810a1,8ab70405995050bc
Vice President,Sales,99edeef60c308cb,59ac0b4b94696540
Director,Sales,4197e26457e7485,b4aac009c8a56a640
Vice President,Sales,d888f8020ca99e7,88957cbcb045469b8
Director,Marketing,000MISSING,476c8894c4005cb64
Director,Marketing,222bb57587262fc,8aa959447ab7b8bb4
Director,Marketing,67118bd26384cfa,cc788498c947b6760
Director,Marketing,7597fb4bfe80a2e,aa8b640494759ac08
Director,Marketing,0145b6334d6dcdd,7c0a6948564949b96
C-Level,Marketing,da87dc214572821,75098559840685ac6
Staff,Sales,c8e63373c9440e0,a8bb6465c7a4c6b68
Director,Sales,7468e537ce60319,bb7695a7c944aa95b
Director,Sales,766120613ecaf74,885604a57b0cc075b
Director,Sales,e42f03def7320e5,77c077679ab0a8c68
Manager,Business Development,7dce28d9fa64026,a87c9775068876b64
Manager,Administrative,269509d5255fffc,acc09b5ca4557b94
Staff,Sales,6bbcbf79c78c413,4bb5bccc665c54c9b
Vice President,Marketing,d9314f52954ddd5,7caca6c4b4950c856
Director,Marketing,000MISSING,4789c5c5b6a409688
Vice President,Sales,9b5bc5cfff7beab,4a597465765b0475b
Director,Marketing,474efda71acd1af,585b74c768899ba76
Vice President,Marketing,fbffe2fd718abbb,c967866caa745bb48
Manager,Marketing,859139b848feb05,9086447c099479696
Staff,Marketing,f08ff28450320ea,c95c5a0cbb6077a60
Vice President,Marketing,6d8b1bc6e71fa0f,85598c99675798a9b
Vice President,Marketing,b3ab2490ed5d150,4044544cb90caaa68
Vice President,Sales,7ef0126dfc821c9,b98546bbb6648a044
Vice President,Marketing,0145b6334d6dcdd,c97c9b66c05090aab
Vice President,Marketing,8a5ac3326ce1b2b,b94a94abb4ba00860
Director,Marketing,e1ff03462adf692,707008990a698b040
Director,Sales,a145504d4f62960,54b8c85a9ccb97960
Director,Sales,e28178a0055f489,85905b9a4c5c05040
Manager,Marketing,ffbaa8f6d00e413,7a0c8c40a670abaab
Staff,Sales,a75c48ca3d630a7,c5a7709a4ca7b4996
Manager,Business Development,54673371fad09c4,b75a778647cbcba84
Senior,Sales,26a4dff161c341c,7594896b775855456
Manager,Marketing,7dafb45a04b25fb,66898b546bb8506a6
Director,Marketing,dace328d4fd5d3a,87049a0c095c0787
Director,Marketing,5b36bfd7f44b5dd,574a7b5089a476576
Director,Sales,9d95b562c8aee95,b6c6ba89864040004
Senior,Sales,38b5ecc62b0254e,7a9987ac4a6955008
Manager,Marketing,8a5ac3326ce1b2b,5c07644b5884c0568
Manager,Marketing,9849381f8b98d1e,846956a570aa7c456
Director,Marketing,ffb7146bec8a6fa,658bb47cb984a4a04
Vice President,Marketing,8d031bf0624987b,6007048897867c448
Director,Business Development,5ab2dfe276f4848,90477c08a706cb464
Vice President,Sales,dc7fd8535093c50,9b55ca6b67056b7
Vice President,Sales,921dabe84d0c995,4680b44a600959cb8
Director,Marketing,b5fb6038a3afe45,a9c69575889b95776
Director,Healthcare Services,2a44e86a18dcc14,bc8a86a6094845744
Director,Sales,66bbfaaf43aa161,4c409976b9a596096
Vice President,Sales,f0bffcd57c86f12,a670a9cbc6b7aa066
Vice President,Sales,26a4dff161c341c,6985a8595b0489056
Manager,Marketing,22e9d1e2dc2b318,4789a449b66b9c840
Director,Marketing,0f7be5c4eae2c4a,5b8c58b0c0749c5b8
Vice President,Marketing,fac7deb6948b042,5ab00465b565c89c6
Manager,Sales,05f8efc595a32ef,66b0ab088c9b47768
Manager,Marketing,89e4e4fb936f7b4,995607b509ba9aa8
Staff,Marketing,0793555900c09f3,6a9b87497464ab9b8
Director,Purchasing,000MISSING,a66a9c6bb5c648574
Vice President,Marketing,4db9bc957b2151b,4580806a6c4050040
Vice President,Marketing,5cd7d95fb63f9f6,7808947896b0c40cb
Director,Sales,ad51258424b21b3,7c8645b64574547c
Senior,Sales,ecb42018fe19db6,7658bba98b50c6576
Vice President,Sales,f448f6fe1c5f950,b8447b7448c7c95cb
Staff,Human Resources,d08549eba38b6ef,b8a80a989800747b4
Vice President,Sales,8f894db43badf75,bbcb5586699b97b48
C-Level,Marketing,cd59d1f302a9320,6745b5bb6b784b47b
Director,Marketing,d888f8020ca99e7,bb58997958c599696
Vice President,Marketing,2c010e514caa861,56579b645caa55648
Vice President,Marketing,e21454ddd98bf67,89b97ab00096a8a7
C-Level,Marketing,2de6de39e39f7dd,89bb547a69aacb000
Senior,Marketing,4197e26457e7485,75ac87875760a4c68
C-Level,Marketing,e86363753fc4cd2,a96688ab6acca4980
C-Level,Marketing,718bafe8e41f34e,bc84b4a6c5899704
Director,Marketing,f448f6fe1c5f950,a08a54678648a6b04
Director,Sales,000MISSING,cb8b76c49cb57bb04
Staff,Marketing,c62e72d590019f0,5066c6ca4b80a0408
Staff,Marketing,825435802cf2cb6,87aab0b8406774688
Staff,Marketing,177e0af2654a9b4,9aca575c6489c499b
Vice President,Marketing,0c99770a75d5fec,46ccbcaa00b7b9b08
Director,Marketing,0f7be5c4eae2c4a,7b79b8bc50400bb40
Director,Marketing,7d0ce605f55f2b3,546648b5c57599a84
Director,Marketing,61b415d93243ca9,767540958a0497bcb
Director,Sales,f9e094a41e6b4d4,bba7a6bbbb57b8460
Director,Sales,a462fc5e66769d8,5764645465478ab48
Manager,Marketing,01cc3383a530890,764c889555a5bc856
Manager,Marketing,aac43e5ac87e2a3,5870a056aab67c67b
Staff,Finance,5cddc0b68f8cbfb,9a099075a57454b40
Director,Management,f23c18308015dd8,5c785b9bc48695b4
Manager,Sales,b3ab2490ed5d150,6a5b704b98cb90400
Director,Sales,99f05366845e852,684998805c98c9c9b
Director,Information Technology,718bafe8e41f34e,78b47b508a845047
Vice President,Management,0a56da551eb0b6e,b58974bc54bacb000
Vice President,Marketing,2df2836b1a0fc5d,654889c87b9707aab
Manager,Sales,a1631fb70abe06e,48b5b067ac758cab8
Vice President,Sales,e1ff03462adf692,58ccc67c769540b9
Vice President,Sales,7dd1c98f8fd8e26,c0005c5a0c6986a44
Director,Sales,cc5746fb4974beb,8960b57c4870650b4
Manager,Marketing,a1631fb70abe06e,5b6a86b5a7b077bcb
Vice President,Marketing,12dd81d6965a4a4,5bc50488c9a4b0b0
Manager,Engineering,19b1a0791451021,5c0a97b99acac7464
Director,Sales,1840aacaafd5d5c,88a6a6006475b8c04
Staff,Marketing,eed521091152811,807460a998658ab48
Manager,Marketing,35b038f19232590,798a94978cbaa04a6
Manager,Marketing,d498b134751a8e0,aa87688946758680b
Manager,Product Management,af7409defd61c2c,764a88b6855cc0960
Manager,Marketing,69fecf3f0a27c4b,9aa6ba9ab85a9098
Director,Marketing,98092e2846c5787,60949ca84c005bc9b
C-Level,Marketing,977c134b50e6e6f,6c87c0c87acc94ba6
Staff,Sales,1dec99cf21f27e0,689c8558406505000
Vice President,Sales,802684033c1c82e,a778a085aba607a60
Director,Sales,3ad801528dcbf71,90b8a4785c40ca68
Vice President,Marketing,577c0b2f52b574f,b9650054b7065cb48
Vice President,Sales,e4ae47e82512527,709ccaaa70bc08808
Director,Sales,841ad2016877266,6b4796c99ac89b064
Director,Sales,a1631fb70abe06e,64b6ca7bc84849400
Director,Marketing,0ccb5fee79a97bb,4a55444b658a06b4
Director,Marketing,5033215aad31491,a95b00c97754ba4
Director,Sales,38c02f94fc371a6,804b97a905847ca68
Vice President,Sales,e0967be88b97d15,5c749a0688960645
Manager,Marketing,82f0f2ce26419a3,c4c4cb9469a994b40
Director,Sales,c8e63373c9440e0,b799c48800648965b
Director,Business Development,bf6bda35779ae83,a65576748906c4550
Director,Business Development,d1ee16950f9e6a0,b8c959094bab44700
Vice President,Marketing,a2b03c77830b418,8a45c08b9586a8c04
Director,Marketing,c1913c4a9f483a2,5abbb708808a9bc04
Director,Sales,b7f157308659d6c,9a795b87580a65a04
Vice President,Sales,26bb4fc35dcd807,8688cb55acbc40a8
Staff,Marketing,825435802cf2cb6,b005b486448a6089b
Manager,Marketing,e28178a0055f489,caa97b0b8b4690bab
C-Level,Finance,73b722610427404,8ba6a884760ba7696
Director,Marketing,0b3c2688916ecbd,c7c9055bbb0b46cab
Director,Marketing,f91ea121042429a,86847579b9670b67b
Manager,Sales,000MISSING,77c708c5bb868bc68
Manager,Sales,39925531f5588dc,564c607bb9c049544
Senior,Business Development,b7a848dedb456d5,bc508a9744a5c0a44
Director,Sales,b5fb6038a3afe45,44aa8468b9694c07b
Director,Sales,977c134b50e6e6f,799979c7bacc8b000
Vice President,Sales,3a91832ca387b69,5b7c84acc9b4958cb
Vice President,Business Development,530ebde876ed689,407b9009c0a6a8cb8
Vice President,Sales,99edeef60c308cb,c07baaa77956a56c6
C-Level,Finance,98381293d6b2a1e,7b5c54808ac56a9b0
Director,Marketing,4a2a84348c34224,860a057cb9704b5ab
Director,Marketing,05ee239c0dfc5b8,7455cc67ca84a0cc6
Director,Sales,8d9a44195c2fd9e,c57cc988bc6c40864
Manager,Operations,fbffe2fd718abbb,466ab84b9496c455b
Manager,Marketing,dbeaac85863c577,60465a0c005a74944
Vice President,Marketing,ee1b920e3740577,c69c0c4bb99b54c9b
Vice President,Marketing,4a2a84348c34224,75595a46956644896
Director,Marketing,d498b134751a8e0,6bb58845a86c4c960
Manager,Sales,a114c37051efd81,767abc87b884a8960
Manager,Marketing,d888f8020ca99e7,599ca744540c947b
Manager,Management,b5fb6038a3afe45,46865490606507cc
Manager,Marketing,23f3378cb9b7251,54568b0c696b6a440
Vice President,Sales,d498b134751a8e0,c4689b9474676c648
Manager,Marketing,f448f6fe1c5f950,a87966785bb490980
Director,Marketing,f0804e505e255c4,8806508a969c77a04
Director,Sales,b62b2387e1341d3,b600790b006590a84
Vice President,Sales,8e014d91f315522,4c47877bbb0a67664
Staff,Marketing,5bd03a8686553e0,8a08854cc9ab56400
Manager,Marketing,23ffe85c505d06c,68a800c4850a67080
Manager,Business Development,99113a704e01c5c,7b90a805c5994a8b4
Director,Sales,819d511f53f2ffd,4b664077a8c904808
Vice President,Sales,c8e63373c9440e0,b84c08654488055b8
Manager,Marketing,4f90872cbb4f6d2,457a7577a757744b4
Director,Marketing,683068ebdce149f,604a5bb7594cb6984
Vice President,Marketing,f7ae7f73b6e0ad3,c0655569bba876988
Manager,Customer Service & Support,c8e63373c9440e0,85c8947977c9c97b8
Manager,Marketing,235fce190543453,a6bc07499c899ab0b
Manager,Marketing,d08549eba38b6ef,6775a6907990b5c44
Manager,Marketing,bc261cd56bcb545,5444b57caa5479976
Director,Marketing,7dd1c98f8fd8e26,80ba09978bb57470
Director,Business Development,1840aacaafd5d5c,4a4b5500069b87aa
Vice President,Sales,89e4e4fb936f7b4,60c94c0ac9599a696
Manager,Marketing,69eabbb824940d9,a56677c0064cc99c
C-Level,Business Development,a725fd985969236,b86969494659844c6
Vice President,Sales,fcc616f820810a1,aacccbc77cc765a76
C-Level,Sales,0115bf23967b361,6a085bc8777699b7b
Vice President,Sales,b7f157308659d6c,76549a07bba554c84
C-Level,Marketing,389bddde404451a,b4897b797cbc80784
Vice President,Sales,9c4d6cf6ea456f0,6686797c9890c75c6
Director,Sales,000MISSING,779597a8b9666a664
Manager,Marketing,4ca35ac090a153e,57a9a546067760960
Staff,Marketing,46a626c8dd00e50,6ab797858b0ab8760
Manager,Marketing,095179daeb1daf8,a86c45a67c4506b04
Director,Marketing,b7295b4be30969a,884498067698ab576
Director,Sales,7278ab20f821bab,a0b86c004aa5745c4
Manager,Marketing,40c45a0828fee30,4a60bb54ac480a50
Manager,Marketing,0182ba3a7547bc9,48a44a0c84bc60896
Manager,Marketing,a0bff5fc7a065b5,b94cc896a9444849b
Director,Operations,b2386461fa3a8d6,90a44886846ab85b
Vice President,Marketing,f2fae777ec473ec,40acbb5a54595c9b0
Senior,Marketing,e2000c907be7f28,907984005098068cb
Vice President,Sales,9338972d79a53e8,9aab6847aa8a4b000
Director,Sales,9338972d79a53e8,8590956096c86a456
Vice President,Sales,be972a1467dfad7,bc96076caaa78ba96
Director,Sales,6e3fc502d6fe990,b4c849085c4b889c6
Director,Sales,6df74d9fb710b70,c9688a9b0a45ca7b0
Vice President,Sales,e32b50cb3963da0,797c5667060a7bc84
Manager,Marketing,cbdcbfeae3ea036,4c848448ac9b8a880
Vice President,Marketing,65aafd83534e938,777cbcc5645a565ab
Vice President,Marketing,ee1b920e3740577,b67cb45c8c969c404
Director,Marketing,0a56da551eb0b6e,ab80907a95c646a40
Director,Marketing,839904e27ea92a8,6c644b6c567659040
Vice President,Sales,bf6bda35779ae83,7a568040ca0cb7544
Director,Business Development,095179daeb1daf8,694a8995cca7c4456
Director,Sales,64477ac76c4248f,55585c0846bc775c6
C-Level,Finance,c522ac81926cbf9,87a444090a6caa744
Staff,Sales,02bc52632bd5043,c8766078976b705b0
Manager,Sales,c8e63373c9440e0,600a0745bb0bbc4b4
Director,Business Development,000MISSING,aa8ccb5b9505796b0
Vice President,Marketing,464a6a94a551026,5b4605660c598b864
Vice President,Marketing,d1a6e359d13dcfa,69c0ca8969c448c9b
Senior,Information Technology,0b656555b717e9c,ca0b845b554b08488
Director,Marketing,926a2c68ac452d3,a5baa65a00687564b
Manager,Marketing,3b385c300834b3e,6485659b0b440b496
Director,Marketing,b62b2387e1341d3,6057c9a679546a056
Vice President,Sales,cd59d1f302a9320,b688a0bba94bab87b
Vice President,Marketing,92d1455816e1299,ab40c5c56a95845
C-Level,Marketing,99edeef60c308cb,67675b7bc057b97b8
Director,Marketing,f08ff28450320ea,c59a695c0b84074b8
Director,Sales,a8594a81d776d41,7a5a664949ccac544
Staff,Marketing,12bbd10834e1607,b4ac8574c64aa079
Manager,Marketing,38b5ecc62b0254e,86c57a7566b899408
Manager,Sales,a8594a81d776d41,aac96450b60a0ab76
Director,Business Development,8c069e8b1bce028,96687cc9cc689bb0
Manager,Sales,c1928be2bbbce96,c894909c054044c0
Director,Sales,8b685ae0478fa3c,b74565b886054b408
Vice President,Marketing,ad34334cba72c0f,a9a7605a5a9675976
Director,Marketing,798a91619bcf284,bcc0897956ba0a468
Director,Marketing,000MISSING,89a97c606568c8bb4
Staff,Sales,977c134b50e6e6f,6ca879974ab4b6096
Vice President,Sales,4ca35ac090a153e,b795c99445b7494a6
Manager,Marketing,30459b843820b7b,a7c08487b0a889640
Director,Marketing,f02bb36b6f8ebd6,5a0c054766445c488
Vice President,Marketing,362afe017d79ae5,a74a4a960c764b774
Staff,Sales,04852d4c89e2108,60a079805b5aac576
Director,Business Development,23ffe85c505d06c,a97550caa856b97ab
Vice President,Sales,b7b2379ef1964a0,aac00c796ab755684
Director,Sales,90760dcefbc2b50,c874ca80c88a47568
Manager,Marketing,fbffe2fd718abbb,659048b776a090768
Manager,Marketing,c522ac81926cbf9,c5854980900770060
Manager,Marketing,460ba89da10817e,688a5aaabc5b95864
Staff,Marketing,e78268e3ce3e13c,c0788ca4775444c64
Manager,Marketing,0c7949493a8b4a0,600ca95497ab89c84
Vice President,Marketing,2aee156988349d7,4596aac450449a984
Director,Business Development,7468e537ce60319,8ab6bba4a8c99c760
Manager,Marketing,583b926e3c0199d,a6499b547c0a5b0a0
Manager,Marketing,64477ac76c4248f,57705765707b54c60
Other,Marketing,fc9d9436161e0b2,4c7756a74c97bcb7b
Vice President,Sales,dc7fd8535093c50,a74a0a0b5b97caccb
Director,Sales,766120613ecaf74,685447b990504a056
Vice President,Marketing,e4ae47e82512527,540ac4b7cb4a7bc76
Director,Sales,66bbfaaf43aa161,56a0689a6b54c659b
Staff,Marketing,1fd5b2a49f767e9,54c88958958480a9b
Manager,Marketing,6d2853952f30009,695b4bab466697904
Director,Marketing,d498b134751a8e0,b464a0495c8b7597b
Vice President,Marketing,41f40cc0847fc59,6a988aa5c8b40775b
Vice President,Marketing,0793555900c09f3,797c07bb67596b99b
Vice President,Sales,8a964e075913463,c00a6a9c0ca664468
Director,Sales,8c069e8b1bce028,969a8a7009b866a0
Director,Sales,7f0f3cc43cfa394,6a797a607664ba448
Director,Engineering,7927f715a88e309,67a8740c66a5a5bb4
Director,Sales,66bbfaaf43aa161,4c54540664ab0ba9b
Manager,Sales,a8594a81d776d41,59a56bb5478abb4b4
Manager,Marketing,bb8f596691ee8f4,a68cbab558cc8598b
Vice President,Sales,7278ab20f821bab,67465584c7c459b08
Manager,Marketing,0bec9b2f9d8ff6b,c50679a77c7a408cb
Manager,Marketing,26bb4fc35dcd807,5877a596c857064cb
Manager,Marketing,1a2e3ceab53b960,b6a567a48c8aa7760
Manager,Management,38c02f94fc371a6,7090007b75065c864
Manager,Marketing,825435802cf2cb6,a8b94bb46744a659b
Senior,Marketing,32c21be68d4278a,75a9940c7aa894a8
Vice President,Other,c1913c4a9f483a2,b5cb444644855a08
Director,Marketing,b768a2856db3626,4c009c6b98708cab8
Vice President,Marketing,fe6899683c97d28,a97b596556cbca9b8
Director,Business Development,1a2e3ceab53b960,76070b44aa8b5b8a6
Staff,Marketing,0793555900c09f3,840c9c90b700c0496
C-Level,Marketing,adc80a5e816df20,67c00a595a04b75
Director,Management,9c57856b693f1de,b54c06867068c9980
Vice President,Management,337b43c4f5c0fb8,c7a89cac7c90b4888
Director,Marketing,fa6950cd4d92562,a5b444bc4599b5ba4
Director,Marketing,99113a704e01c5c,bc0bb54706a940776
Vice President,Marketing,ad34334cba72c0f,60905c4a9708b9b7b
C-Level,Marketing,a33ed4bd73b1069,6cc9909460a599048
Director,Sales,c27a8d94d1c057c,5b6085abb5a687464
Staff,Marketing,86253a728860c25,9a489847587c4aa84
Director,Sales,d3ab1620482c762,c4b9789ac6a0586ab
Director,Sales,8b8036a84c9e56a,b5507c55956468096
Director,Sales,1840aacaafd5d5c,cc790a6aac6abb064
Manager,Operations,39925531f5588dc,445aa080a468c4b00
Director,Marketing,3e84cd6d95d291e,c4c5b79bba67c0c8
Vice President,Management,802684033c1c82e,6c69caa6accc54760
Vice President,Sales,05d7fa5aa84c693,c66a49bba59b857ab
Director,Business Development,cce5adae692495e,ab7798b098a55c754
Director,Sales,7c1e7ab7d709997,8695876886a980400
Director,Sales,740cf3bb4bdd015,c6b767c0b5c68a544
Manager,Marketing,7927f715a88e309,b8790ca74bb5ab5cb
Manager,Marketing,5c5af5737ea9740,a08776a8b76688868
Director,Operations,825435802cf2cb6,6c886c9009790a0cb
Vice President,Sales,ad34334cba72c0f,889c06b690ba860cb
Director,Marketing,40af2f1c1e3c627,c6c69b864cb4b7760
Director,Marketing,f047f28876f3719,4b8b87987bbcc4b7b
Director,Sales,0b3c2688916ecbd,684604c57a76a9b88
Manager,Marketing,2a44e86a18dcc14,84a4ba98768ac555b
Manager,Marketing,f047f28876f3719,90a95058abb9400a6
Manager,Marketing,d6fba5a1fab1654,5b485ab6c8b7099ab
Director,Marketing,b167e7a37523521,84c790086bc84a808
Director,Marketing,235fce190543453,a9c46855a4a6bcc7b
Director,Sales,0594a4dd457488d,499c557650a794b88
Director,Sales,bf6bda35779ae83,c94c866c7767a4c04
Director,Sales,3ad801528dcbf71,977bb7b58c60ac04
C-Level,Marketing,fb5f2dd7ba35fb5,764487b4c6767755b
Director,Marketing,41f40cc0847fc59,87645c04a57b587a
Manager,Business Development,0c9af11110ce8e3,7077574c5c5a8587b
Vice President,Sales,9f5e337221dd350,769b706c65580979b
Director,Sales,304561c3e814f82,498a59c8a654864b4
Director,Sales,9117bbeaf36276b,65466600068768848
Manager,Marketing,9baeac80552be0d,5c47b5b9b49b90cb0
Manager,Marketing,ef595dcdb04686d,46b58065094a0a696
Director,Operations,4cc022986634530,b4608ca470cc48a80
Director,Marketing,6c0367c0ec80b87,c8488c6c554bb4904
Director,Information Technology,4197e26457e7485,509497abc67b8a06
Director,Marketing,41f40cc0847fc59,540c44c00079ba07b
Senior,Marketing,cf3be48089ef26e,87c4840c889a6a408
Director,Arts and Design,357b649f70201f8,bb45680b05777b6cb
Vice President,Marketing,a33f993f5c5bcd5,78649c08c94ccb6b
Staff,Sales,0594a4dd457488d,ab59947499576546b
Director,Sales,bccfb35186c7fa3,4ac789766655ac864
Manager,Marketing,000MISSING,7a9098748907bc0cb
Director,Sales,aac43e5ac87e2a3,76b99749605588480
Vice President,Sales,8a62c9acbad04b2,b444747a6047b4504
Vice President,Sales,7afc90c0778306b,59487a9ab06c479ab
Manager,Marketing,6489ea0bb7c2cc4,7a6cba9c86806765
Staff,Marketing,511e93333018312,87976a6ab7658059b
Manager,Marketing,23f3378cb9b7251,85a69a969a667a79b
Manager,Marketing,235fce190543453,c04c6a984a94acc08
Vice President,Marketing,0dfdfcc0cbda4ed,8aaaa96668579847
Director,Marketing,5c5af5737ea9740,c450c67950474c8b0
C-Level,Management,51dc81f33bde1bd,8cb454cbb9a4c649
C-Level,Marketing,8c069e8b1bce028,c4c66006a94984804
Director,Marketing,9c0cf2ceea7dcc8,a560cc5ccb90a7994
Director,Business Development,9bae3b5c7deb1b4,54c7b849496704c84
Director,Sales,0e1fb33ef50fd96,609690cc08854768
Director,Sales,000MISSING,7aa84b8495c69cc76
Director,Marketing,4c112a2277352b4,76c090c7a749877b8
C-Level,Finance,e1ff03462adf692,cb99009058707b49
C-Level,Marketing,e4ae47e82512527,597065c44987784cb
Director,Marketing,a462fc5e66769d8,b7bca9a74686760b0
Director,Media & Communications,cf00892c4776f87,6c5785b7a9070c6b4
Director,Operations,d888f8020ca99e7,464049c9aa0799ab8
Vice President,Operations,464a6a94a551026,b658c9786bbb4a588
Vice President,Marketing,8b685ae0478fa3c,b8b406406ac5bbc0
Director,Marketing,bfba6903fe3872d,5b89098799b95b0b
Director,Marketing,5cd7d95fb63f9f6,acba554b4a8780046
Director,Sales,f0804e505e255c4,49a7c0aca07470c60
Manager,Sales,b7a848dedb456d5,475b0b695877bb95b
C-Level,Sales,aa98c811ff052d2,a044ba99c7690b9a6
Manager,Marketing,23ffe85c505d06c,aa70b0b77b75060b8
Manager,Marketing,fbffe2fd718abbb,a45b5996969cbc890
Director,Marketing,a145504d4f62960,5908a96648c8674b4
Director,Operations,977c134b50e6e6f,a5ab044009b06c954
Director,Customer Service & Support,2c010e514caa861,a885044c7b640857
Director,Sales,a8594a81d776d41,56b8a4ca09cc99880
Manager,Marketing,819d511f53f2ffd,b9b99a0075c998476
Manager,Marketing,875015b8fa51f35,ccac5bb5608b6c504
Vice President,Management,0115bf23967b361,66c90406548478a68
Director,Operations,464a6a94a551026,5a878acc770079064
Director,Sales,cfa16f49d1de7c5,bb749a0abb94cac00
Manager,Marketing,e1e7f18717ee9e4,bab4ba4c0554a95b0
Director,Business Development,5033215aad31491,5c7a0c8c07448777
Senior,Sales,b2386461fa3a8d6,88769409a9689745
Director,Marketing,d81b07d7a2dfcbb,5ccc559c4bc858008
Manager,Marketing,a2b03c77830b418,a679cb0946c56504b
Vice President,Sales,732d8a327bea2ff,c97b5a96a9bb4a7b
Director,Sales,b7a848dedb456d5,aca97b6879460a684
Director,Sales,906f4ecdeb22c3b,4cc8a67c850bb7760
Staff,Marketing,61b415d93243ca9,8475598c999940a9b
Director,Marketing,cdcd11ee3dc7c50,695b556b75ca90896
Director,Marketing,1e8b82b245de36e,6587566cbc8b9b67
Director,Human Resources,8b8036a84c9e56a,794b0b4b9a80b955b
Vice President,Sales,e86363753fc4cd2,a4404546b78575a04
Manager,Marketing,a145504d4f62960,a0a508b0c0708057b
Staff,Marketing,23ffe85c505d06c,4585cbc07c4c4a064
Manager,Marketing,ee08aa5a318a5ce,6b80985c8bc898080
Vice President,Management,8c069e8b1bce028,848c6a6c9c5c96064
Vice President,Marketing,2b31ab3572ddb1e,b6859a9cbaa4057b8
Vice President,Engineering,05ee239c0dfc5b8,80cc5acaa7786787b
Director,Sales,7597fb4bfe80a2e,57a468bac08c77880
Vice President,Sales,b7f157308659d6c,640c70a77ab407c9b
Director,Marketing,780be51815fa258,449cc705570b66768
Director,Marketing,617006fc08f4546,6b8a57876b0597776
C-Level,Marketing,e2b19883b29394c,4595c0b0954c04b96
Staff,Marketing,762d45de7e16480,89900aa4789b58864
Vice President,Marketing,7927f715a88e309,68a0675a0a86958b4
Director,Marketing,4c8cdef01dc8611,9988c8665a96468b
C-Level,Management,f91ea121042429a,894c9047866aa55c6
Director,Marketing,e1ff03462adf692,6a4747a7c400404c
Manager,Sales,f2fae777ec473ec,804a674c5a457ac76
Staff,Sales,8d9a44195c2fd9e,599a080c0697765b8
Director,Media & Communications,464a6a94a551026,797a08b5090770b56
Manager,Marketing,740cf3bb4bdd015,70798894650684b00
Director,Marketing,0c7ed7014e9d7b4,4c84c5bc650794696
Director,Marketing,cc5746fb4974beb,cc68c074ab95868c6
Director,Marketing,dc7fd8535093c50,8a04a604664abb960
Vice President,Sales,e17ca12d80ab723,5a8ba7c9466487a76
Director,Marketing,e1ff03462adf692,499b9c765980c06a6
Director,Operations,9d95b562c8aee95,405a97aa459a455c6
Manager,Media & Communications,cc63a5256b723d2,5a5b04709aa895064
Staff,Marketing,6907fb149e40062,90c848a0c605a8864
Staff,Marketing,5fa53df7e79df3d,5657c789056606080
Staff,Marketing,e4ae47e82512527,ca4754b6654bb05b4
Manager,Marketing,1bfe0cf388e8a0f,b70c09a9995b7c78
Director,Marketing,51925186a200f89,b009c8a845caab780
Staff,Marketing,683068ebdce149f,595486c8c0744cc68
Director,Marketing,b62b2387e1341d3,b4660b60b85089780
Manager,Operations,39925531f5588dc,568c9770aa780a0b4
Director,Marketing,cc5746fb4974beb,ac8cb49b995b6c478
Director,Marketing,cbdcbfeae3ea036,54597444867075b88
Director,Marketing,3a91832ca387b69,5066540c96ac99968
Vice President,Marketing,cf3be48089ef26e,7644888c5ca47495
Manager,Sales,90760dcefbc2b50,540c00874640c7904
Manager,Sales,0c99770a75d5fec,468059b6656068ab0
Manager,Marketing,095179daeb1daf8,69c7ab5a099a4999b
Vice President,Marketing,2d4ee7a538d375a,b69a7b045a45c6996
Vice President,Sales,0594a4dd457488d,497ca4b744cc7b70
Vice President,Sales,aac8171df1bc019,7894888b64c76707b
Staff,Marketing,dae0051f01e8cfb,a75495060645bbc66
Manager,Marketing,000711b04f50795,c8a96b06705c790a6
Manager,Marketing,cdcd11ee3dc7c50,7c850c48777556bb4
Director,Management,e78268e3ce3e13c,76b86b6ab9bb86880
Vice President,Marketing,095179daeb1daf8,c84c556bc098caba
Director,Marketing,a8594a81d776d41,a80cacba9ba5967a
Director,Business Development,e76ff98cb9945a0,7c67ba664ac865a04
Manager,Marketing,f91ea121042429a,aa5bc49a9597068a
Director,Marketing,7ef0126dfc821c9,48898c458a608b648
Director,Marketing,362afe017d79ae5,ac5ca0049477ab480
Director,Sales,cdcd11ee3dc7c50,656ab4858b6997680
Manager,Operations,99113a704e01c5c,ca6509b0aa8947556
Manager,Marketing,0793555900c09f3,c8cbcbbcc957a5c6
Director,Marketing,2f7949c888999e3,b7649648bbbc00056
C-Level,Marketing,200c9fb51a35832,647ab6a905a487696
Vice President,Marketing,0346ebc04bda8ea,a7ca06c544bb6aac
Director,Media & Communications,e2000c907be7f28,ba7a8ab0a50c855b0
Vice President,Marketing,798a91619bcf284,6844a468670075b08
Vice President,Sales,2a44e86a18dcc14,c7a78656c56a45ac
Manager,Marketing,9b5bc5cfff7beab,bab494bbc50c64700
Staff,Marketing,dc7fd8535093c50,77874a5b988b4a4b4
Staff,Sales,1fd5b2a49f767e9,6974554966057004
Director,Sales,f2fae777ec473ec,a5979795a4908c0b8
Senior,Marketing,d26c28df784bc8b,c9795a4459bca6880
Vice President,Sales,bccfb35186c7fa3,c548509aaa8ac6588
C-Level,Sales,eef1c9da81ef446,6c58796454bc86048
Manager,Marketing,cf3be48089ef26e,cb8cba77784456808
Manager,Marketing,2687ca4c9840376,cb7446008c60b8b96
Manager,Marketing,095179daeb1daf8,7489950c9575aa8b4
Vice President,Marketing,177e0af2654a9b4,908b4a04407a57bcb
C-Level,Marketing,0400c6144ba079f,7b568746a86b7ca5b
C-Level,Finance,03fbb58eca2fc9a,c77a74a56740cb568
C-Level,Finance,2de6de39e39f7dd,c45c7457b877c9780
Manager,Marketing,9338972d79a53e8,c488c050444c9c896
Staff,Marketing,3e84cd6d95d291e,a7c9876b6a40a8b64
Director,Sales,121457db135dfc4,c56a4c96aa794ba96
Vice President,Marketing,3aad0f206a576eb,c5a6c9bac9ca98b48
Manager,Sales,8df10e9d37af4fb,90b9c049794b06a60
Manager,Marketing,1d92c8d13f9cdd0,b94786460b7aa6448
Manager,Marketing,3aad0f206a576eb,9a7cab4b5c86068cb
Director,Marketing,474efda71acd1af,449c8855870a89a76
Vice President,Management,f08ff28450320ea,56744904ca5a046cb
Director,Accounting,8d9a44195c2fd9e,78a00788bb9cab864
Director,Sales,766f8212fb89a70,958c79657cc8b0c8
Vice President,Marketing,6345a801ef561e3,b5979c7780545407b
Vice President,Marketing,ab992b5d89eae05,aa90075987a77c040
Director,Marketing,05d7fa5aa84c693,56b09648ac47ba480
Director,Marketing,a6db856a30d5bae,5ab5844a7587b40
Vice President,Marketing,7278ab20f821bab,bb9a768b0a80805cb
Senior,Sales,19b1a0791451021,c08945758b594b548
Senior,Marketing,8d031bf0624987b,6c5b0640a70b8a744
Director,Marketing,b7f157308659d6c,560cc09cc958cac44
Manager,Sales,67118bd26384cfa,4945600a5ca487a5b
Director,Sales,177e0af2654a9b4,a08a05798a4547b06
Manager,Marketing,bde8c4f085c9ce5,8ba47ca69745565b8
Vice President,Operations,d6fba5a1fab1654,8970a5959b96c4848
Director,Sales,9f5e337221dd350,570bba958c09ba576
Manager,Marketing,a8594a81d776d41,a48cca9a46b8a70b0
Staff,Marketing,121457db135dfc4,9084ac6ac6a9cb976
Director,Marketing,718bafe8e41f34e,bb5bc46c8ac6547c6
Vice President,Sales,48a32c4839c7575,77c5b540ab49a7b48
Vice President,Sales,f74ad4d94477591,670b6a0cac09a09c6
Vice President,Sales,798a91619bcf284,b687cc840c7866c00
Vice President,Sales,1fd5b2a49f767e9,bb797b78756698a64
Vice President,Sales,1ac0e56eed772c7,70a0bbb6a655a067b
Director,Business Development,825435802cf2cb6,8a9748aac0b006944
Vice President,Sales,a462fc5e66769d8,50c8548c469cb0a44
Director,Marketing,1840aacaafd5d5c,c04788bbc85c4b080
Vice President,Marketing,241a1be26aa00ad,8859b8970a0cac776
Manager,Marketing,e78268e3ce3e13c,5a97046776470a880
Manager,Marketing,095179daeb1daf8,877c56aab489056cb
Director,Sales,780be51815fa258,50a5974cb96c64960
Director,Operations,798a91619bcf284,70ab44a00b84b4cb8
Vice President,Marketing,da5d198fd009de8,b476b845648966b
Director,Operations,d6fba5a1fab1654,a77b456470a9a8964
Vice President,Marketing,bfba6903fe3872d,90a5b90cc4578bab8
Vice President,Marketing,38c02f94fc371a6,90aacc47468cb8896
Vice President,Marketing,e613cd71575e6e6,9a68406c698cc6848
Staff,Marketing,38c02f94fc371a6,c4b0647469a5aa596
Director,Marketing,6eb433b1cd93b36,4b655cab954c79568
C-Level,Marketing,cbdcbfeae3ea036,c5cb0584b74a778cb
Director,Business Development,d888f8020ca99e7,69b8644c6685cbc84
C-Level,Marketing,85a0a064c00da5a,cab7a5c9aaab9ba84
Director,Marketing,1a589a8a3167816,76a5ba88946a6bc0
Director,Marketing,4c112a2277352b4,7866c9960c9584656
Director,Sales,6d8b1bc6e71fa0f,59ac08488656b5448
Manager,Marketing,6762ef2ff37a63e,c507066cb66cb80cb
Manager,Marketing,f0804e505e255c4,58b80597c879a4808
Director,Marketing,5cd7d95fb63f9f6,67a0960b7b0ca5704
Director,Marketing,f21c34408a6576f,906bc94807999406
Vice President,Sales,5cddc0b68f8cbfb,47b675cbc08aa5440
Manager,Marketing,b170f108a2eae2e,8984706c86404bb40
Manager,Marketing,b62b2387e1341d3,850779a8860cb50b4
Manager,Marketing,f91ea121042429a,5ac778075b400cc68
Senior,Marketing,e4ae47e82512527,796a5640c8486ca5b
Director,Sales,e4363137ee96615,cb85b7a5a647a8c96
Manager,Marketing,f047f28876f3719,5bba8b75bac9959ab
Manager,Product Management,1d92c8d13f9cdd0,9bbb57c7bc07560a6
Director,Marketing,fbdb8192275ad98,a078c568b8877874b
Vice President,Marketing,f448f6fe1c5f950,cb8bc40cb78ca05ab
Director,Sales,90760dcefbc2b50,97b94b588c640c8
Manager,Media & Communications,f91ea121042429a,8757ba96c68b5659
Manager,Marketing,0793555900c09f3,806c6bab487cc8c5b
Vice President,Marketing,406fb27151bbaae,667a60bc8b6607488
C-Level,Finance,e5b67c39d20fd08,700bab40a49a5cc84
Manager,Marketing,34688cbb0f5f570,b6ac64bcc5955689b
Manager,Marketing,dfe61858df5ea60,7449a64b6a67649b8
C-Level,Marketing,316096e83602662,688764990597aa7ab
Staff,Sales,977c134b50e6e6f,5ba096c88766b887b
Manager,Sales,0793555900c09f3,79969b78acc865680
Staff,Sales,1fd5b2a49f767e9,78b855b409a4905ab
C-Level,Sales,121457db135dfc4,5b550490c4a9094b4
Senior,Marketing,19b1a0791451021,57a09cbc9ab989568
Vice President,Marketing,8c069e8b1bce028,8874ab90c94ba7856
Vice President,Marketing,3fa741ce2544a63,c70c090c8b5cc6448
Staff,Engineering,23f3378cb9b7251,5805605a5a049690
Director,Sales,67118bd26384cfa,4690087064a640944
Senior,Sales,c1928be2bbbce96,5bc588a085c4bb8a6
Manager,Marketing,e78268e3ce3e13c,69b5c976b6a848c0
Manager,Marketing,05d7fa5aa84c693,4806b785860060b88
Staff,Marketing,fc9d9436161e0b2,54596a97a80a8495b
Manager,Marketing,875015b8fa51f35,5bb60686905bbb888
Staff,Marketing,9a9c7578797bf6e,a446c786755b457a4
Director,Operations,919505745bc1c28,bacca5a49c4646cab
Vice President,Marketing,010b5f5ccb5a2cc,bb790a957984b8060
Director,Sales,.562274f7bb2434b,509a587484c7b6664
Director,Marketing,404128e57a359e0,7c655a867a45a8000
C-Level,Marketing,ac2e6ee9d78b7e3,50c89a0c4ac66a608
Director,Marketing,a3aa05edec9446c,bcb80b6aa66405b60
Director,Marketing,5cd7d95fb63f9f6,76a75c870a6ca46b4
Staff,Marketing,5bd03a8686553e0,46b5998cb0bb865b
Vice President,Operations,f91ea121042429a,8099b40b5884ba600
Director,Sales,0226b29725833e3,45bb48c6486485888
Director,Operations,e42f03def7320e5,ab7058ac79c4abc94
Manager,Sales,e2000c907be7f28,588a8995a080a4576
Vice President,Sales,8a5ac3326ce1b2b,47aab89590956b5b0
Director,Marketing,839904e27ea92a8,c86a75696a6ca5c04
Manager,Marketing,010b5f5ccb5a2cc,aa44b04b47bc0b9a6
Staff,Marketing,18b50132f58c147,a407995798b90aaab
Manager,Management,5cddc0b68f8cbfb,7caccc056ba9c95c6
Director,Marketing,a462fc5e66769d8,b5a0a9579aa884ba
Vice President,Operations,bfba6903fe3872d,58774c085a478c79
Senior,Marketing,75c4a39e36270be,78590a04085894848
Vice President,Marketing,000MISSING,acb5949967ccac658
Vice President,Sales,337b43c4f5c0fb8,60ccb9aa78bcb6ba
Vice President,Marketing,839904e27ea92a8,6c754b464b5877056
Staff,Marketing,583b926e3c0199d,5856cbac68b4c9856
Staff,Marketing,819d511f53f2ffd,c77cca4775c644688
Senior,Marketing,f50b6cb3d339cc8,6b487a945a4965864
Director,Sales,26a4dff161c341c,b756c9096bb964a60
Director,Sales,8c069e8b1bce028,669566008cba0907b
Vice President,Sales,010b5f5ccb5a2cc,c879cb78cab784944
Vice President,Operations,4c112a2277352b4,48565bca55a675b40
Manager,Marketing,bfba6903fe3872d,69487486807ca7b48
Manager,Marketing,b6d3f2ca966c0bc,55980648c540bc464
Manager,Marketing,7f0f3cc43cfa394,68cb5c88987967a68
Director,Marketing,26bb4fc35dcd807,b984ac86ba8ab0576
Staff,Marketing,e1e7f18717ee9e4,5c088704aa508c09
C-Level,Marketing,98092e2846c5787,57b4a4895c4a450b4
Vice President,Operations,e4363137ee96615,5a57090077040bb00
Director,Human Resources,4cc022986634530,aa879b70c90b8ab44
Manager,Marketing,a145504d4f62960,84089abc07945a5b0
Manager,Marketing,dc7fd8535093c50,4884cc68865b4c808
Manager,Marketing,d90b717bbcbd9f7,b845768cc8a884ac
Director,Marketing,474efda71acd1af,6557588887085c080
Director,Marketing,bfba6903fe3872d,b0c806b7985aba75b
Vice President,Marketing,935571eae38d5a9,c9b8a58c6cc86c7c6
Director,Engineering,38f2a11545210db,cc44b0c80508b7c88
Manager,Marketing,3b385c300834b3e,ba7bcb9ca94b76084
Director,Marketing,2c010e514caa861,a7c54794660769796
C-Level,Finance,a691d2335572b51,c0069ba6cbbca76c6
Director,Marketing,d498b134751a8e0,ac96c4cb698508a50
Director,Sales,70869f13b6164c0,76cab44665969a7ab
Senior,Sales,a33ed4bd73b1069,85a0b9a4b7b58c440
Director,Sales,4191471e31482e9,554690aa49066cab0
C-Level,Marketing,a462fc5e66769d8,66068404654a97b7b
C-Level,Management,e2000c907be7f28,cac94a685c4a40068
C-Level,Marketing,1ee9e6750420b82,645987a60cba4c5a
Vice President,Sales,02bc52632bd5043,a0b75469c54b5bbc8
Director,Sales,718bafe8e41f34e,57a68799ac8476448
Vice President,Sales,1a2e3ceab53b960,669b0bc55ac884504
Manager,Sales,1fd5b2a49f767e9,b475cc4898a64059b
Vice President,Engineering,eef1c9da81ef446,6b8956946bcaa5ba6
Staff,Marketing,7597fb4bfe80a2e,69a09bb77989b7800
Staff,Marketing,18ccbcb248bf46f,ac554a8c995c8bc9b
Manager,Marketing,74bb75b9c62d16f,a454485bb55a6a558
Vice President,Marketing,11727ec62fa8893,84640a995795cbcb0
Vice President,Marketing,0793555900c09f3,67a80c0769654aa
Manager,Marketing,39925531f5588dc,9054c0cc48b740464
Staff,Operations,8f894db43badf75,890485a6956749a68
Staff,Marketing,fc9d9436161e0b2,b9a5c9b859a79bc88
Director,Marketing,4d01dfb0312d68a,599bc5059670a5000
Vice President,Sales,ee1b920e3740577,794a49470aa484976
Manager,Marketing,b05b7528af7218e,569c7996abc6c8b96
Director,Marketing,7927f715a88e309,b8b09c85b649c7c00
Director,Operations,732d8a327bea2ff,6acab44bc7b6ac8a6
Staff,Marketing,7a1aa152bf1ebf7,580b8c477b5c09008
Director,Marketing,2de6de39e39f7dd,ca7b74b94785a4b80
Manager,Marketing,4cc72511c993028,cc78c079b5c68bb9
Manager,Marketing,23f3378cb9b7251,b4c4b00708770c600
Director,Marketing,e78268e3ce3e13c,aba5aa8b64aca9596
Vice President,Finance,b2386461fa3a8d6,4746b557cba45c5b0
Director,Marketing,4197e26457e7485,a80aba076a6994a8b
Vice President,Sales,362afe017d79ae5,5888b47c8b45aa984
Director,Sales,780be51815fa258,8b59c4c789b7c4976
Director,Sales,a3f534653feadb7,47b786908a8060008
Vice President,Marketing,1e8b82b245de36e,b8acc5555574ccc80
Vice President,Marketing,2df2836b1a0fc5d,c05bcb4aab454597b
C-Level,Marketing,9ae01eae2d25e3b,b46976a47c5b7777b
Vice President,Sales,d9314f52954ddd5,a45c8bb5c9046c4b0
Manager,Marketing,a3aa05edec9446c,5970889866ca6c95b
Manager,Marketing,58e9bd0a819a989,aa700ca400ca87554
Staff,Marketing,f6ac7a88015964e,c789b95b080c68648
Staff,Sales,e2000c907be7f28,4baba70604a5a4984
Director,Sales,1a2e3ceab53b960,7ca4a60b058a400a
Director,Sales,977c134b50e6e6f,c977947cbb00698a6
Manager,Marketing,f02bb36b6f8ebd6,4b5ca688869bb7784
Director,Marketing,82ee3252905e23e,c49c0bb75bbab7668
C-Level,Finance,cd8473af77e2c26,4904aa575bc7cb480
Senior,Marketing,a1631fb70abe06e,b47550b45b595c87b
Vice President,Sales,6345a801ef561e3,8779546a6c75ca4b4
Vice President,Sales,34688cbb0f5f570,4ba45b06046c88408
Director,Business Development,6811320fc8ecd83,96748bb8b70a005
Vice President,Sales,dec011722127aaf,40549894a7a40cc68
Director,Sales,384ad2304de8f1c,54589bb60465a5cc6
Director,Sales,000MISSING,abb0ccbc90b085694
C-Level,Marketing,0b3c2688916ecbd,54b8408659a5ba0c
Director,Sales,60c2b6bb0e98279,c707b8cc6c05577c6
C-Level,Marketing,f81b2f07313126f,a77ac679497670a7
Director,Marketing,7dafb45a04b25fb,650c408579054a968
Vice President,Business Development,4fd7d8ce6fc2001,4b7a5b7b4c8808ac6
Senior,Sales,0b3c2688916ecbd,c5a457a594a8c6784
Vice President,Sales,362afe017d79ae5,4609bb656b547c7a
Vice President,Marketing,8f894db43badf75,8b567b7690b9cc74
Staff,Sales,8b8036a84c9e56a,5ca7b67666945b480
Manager,Marketing,a462fc5e66769d8,69b86bc58064b59c6
